,actor_id,issuecomment,openissue,openPR,reviewcomment,mergePR,label,participation_score,code_contribution_score
0,29231,1.0,0.0,1.0,14.0,0.0,0,1.0,59.0
1,64772,1.0,0.0,0.0,0.0,0.0,0,1.0,0.0
2,328693,4.0,0.0,0.0,10.0,0.0,0,4.0,40.0
3,548443,3.0,1.0,0.0,0.0,0.0,0,5.0,0.0
4,552990,0.0,0.0,0.0,3.0,0.0,0,0.0,12.0
5,582584,0.0,0.0,1.0,0.0,0.0,0,0.0,3.0
6,1298682,3.0,1.0,0.0,0.0,0.0,0,5.0,0.0
7,1306724,2.0,0.0,2.0,6.0,1.0,0,2.0,35.0
8,1312389,2.0,0.0,0.0,0.0,0.0,0,2.0,0.0
9,1326879,1.0,0.0,0.0,0.0,0.0,0,1.0,0.0
10,1371212,0.0,0.0,0.0,30.0,0.0,0,0.0,120.0
11,1544285,1.0,1.0,0.0,0.0,0.0,0,3.0,0.0
12,1699033,2.0,2.0,0.0,0.0,0.0,0,6.0,0.0
13,2002279,0.0,0.0,2.0,12.0,3.0,1,0.0,69.0
14,2016660,2.0,0.0,0.0,0.0,0.0,0,2.0,0.0
15,2089196,0.0,1.0,0.0,0.0,0.0,0,2.0,0.0
16,2148867,2.0,0.0,0.0,0.0,0.0,0,2.0,0.0
17,2272252,4.0,0.0,0.0,0.0,0.0,0,4.0,0.0
18,2417391,0.0,1.0,0.0,0.0,0.0,0,2.0,0.0
19,2472797,0.0,1.0,0.0,0.0,0.0,0,2.0,0.0
20,2526276,1.0,1.0,0.0,0.0,0.0,0,3.0,0.0
21,2719771,1.0,0.0,0.0,0.0,0.0,0,1.0,0.0
22,2749234,1.0,0.0,0.0,0.0,0.0,0,1.0,0.0
23,2766645,26.0,3.0,0.0,0.0,0.0,0,32.0,0.0
24,2929527,5.0,1.0,9.0,1.0,8.0,1,7.0,71.0
25,2936886,2.0,0.0,0.0,0.0,0.0,0,2.0,0.0
26,3038472,4.0,0.0,4.0,5.0,2.0,1,4.0,42.0
27,3069790,2.0,0.0,7.0,37.0,3.0,1,2.0,184.0
28,3124643,2.0,2.0,0.0,0.0,0.0,0,6.0,0.0
29,3177864,0.0,1.0,0.0,0.0,0.0,0,2.0,0.0
30,3197038,3.0,1.0,0.0,0.0,0.0,0,5.0,0.0
31,3206718,1.0,1.0,0.0,0.0,0.0,0,3.0,0.0
32,3315048,1.0,0.0,0.0,0.0,0.0,0,1.0,0.0
33,3382620,1.0,0.0,0.0,0.0,0.0,0,1.0,0.0
34,3390197,0.0,1.0,0.0,0.0,0.0,0,2.0,0.0
35,3429344,1.0,1.0,0.0,0.0,0.0,0,3.0,0.0
36,3439673,1.0,0.0,0.0,0.0,0.0,0,1.0,0.0
37,3864344,0.0,1.0,0.0,0.0,0.0,0,2.0,0.0
38,3889524,1.0,0.0,0.0,0.0,0.0,0,1.0,0.0
39,3903722,0.0,0.0,1.0,17.0,1.0,0,0.0,76.0
40,3920920,5.0,1.0,0.0,0.0,0.0,0,7.0,0.0
41,4081484,4.0,0.0,0.0,0.0,0.0,0,4.0,0.0
42,4128131,1.0,1.0,0.0,0.0,0.0,0,3.0,0.0
43,4272351,2.0,0.0,0.0,0.0,0.0,0,2.0,0.0
44,4454836,0.0,1.0,0.0,0.0,0.0,0,2.0,0.0
45,4593091,0.0,2.0,0.0,0.0,0.0,0,4.0,0.0
46,4641009,1.0,0.0,0.0,0.0,0.0,0,1.0,0.0
47,4688773,0.0,1.0,0.0,0.0,0.0,0,2.0,0.0
48,5151146,1.0,0.0,0.0,0.0,0.0,0,1.0,0.0
49,5345932,4.0,0.0,0.0,0.0,0.0,0,4.0,0.0
50,5366266,4.0,0.0,0.0,0.0,0.0,0,4.0,0.0
51,5457221,1.0,0.0,1.0,0.0,0.0,0,1.0,3.0
52,5738952,1.0,0.0,0.0,0.0,0.0,0,1.0,0.0
53,5746283,0.0,1.0,0.0,0.0,0.0,0,2.0,0.0
54,5762635,5.0,1.0,0.0,0.0,0.0,0,7.0,0.0
55,5858920,2.0,1.0,0.0,0.0,0.0,0,4.0,0.0
56,5894445,3.0,0.0,1.0,0.0,1.0,0,3.0,8.0
57,5899962,8.0,1.0,0.0,0.0,0.0,0,10.0,0.0
58,5955111,4.0,0.0,4.0,2.0,4.0,1,4.0,40.0
59,5997715,1.0,0.0,12.0,8.0,8.0,1,1.0,108.0
60,6076976,0.0,0.0,4.0,5.0,5.0,1,0.0,57.0
61,6134289,1.0,0.0,0.0,0.0,0.0,0,1.0,0.0
62,6269503,0.0,1.0,0.0,0.0,0.0,0,2.0,0.0
63,6309021,11.0,0.0,4.0,2.0,4.0,1,11.0,40.0
64,6318811,0.0,1.0,0.0,0.0,0.0,0,2.0,0.0
65,6359205,0.0,0.0,1.0,0.0,0.0,0,0.0,3.0
66,6385978,0.0,1.0,0.0,0.0,0.0,0,2.0,0.0
67,6436061,5.0,5.0,0.0,0.0,0.0,0,15.0,0.0
68,6477100,2.0,0.0,0.0,0.0,0.0,0,2.0,0.0
69,6737864,15.0,0.0,13.0,57.0,14.0,1,15.0,337.0
70,6823778,2.0,0.0,0.0,0.0,0.0,0,2.0,0.0
71,6824077,0.0,1.0,0.0,0.0,0.0,0,2.0,0.0
72,6850074,1.0,0.0,0.0,0.0,0.0,0,1.0,0.0
73,6888866,24.0,0.0,47.0,51.0,39.0,1,24.0,540.0
74,6914038,0.0,0.0,3.0,10.0,3.0,1,0.0,64.0
75,7066813,1.0,0.0,0.0,0.0,0.0,0,1.0,0.0
76,7080798,2.0,1.0,0.0,0.0,0.0,0,4.0,0.0
77,7138133,1.0,1.0,0.0,0.0,0.0,0,3.0,0.0
78,7160927,5.0,0.0,3.0,0.0,3.0,1,5.0,24.0
79,7282656,2.0,0.0,0.0,0.0,0.0,0,2.0,0.0
80,7403063,12.0,1.0,0.0,0.0,0.0,0,14.0,0.0
81,7497393,1.0,0.0,0.0,0.0,0.0,0,1.0,0.0
82,7534971,9.0,1.0,4.0,2.0,3.0,1,11.0,35.0
83,7693110,1.0,1.0,0.0,0.0,0.0,0,3.0,0.0
84,7789012,1.0,0.0,0.0,0.0,0.0,0,1.0,0.0
85,7845005,1.0,0.0,0.0,22.0,0.0,0,1.0,88.0
86,7878012,6.0,4.0,0.0,0.0,0.0,0,14.0,0.0
87,7913861,1.0,0.0,16.0,49.0,9.0,1,1.0,289.0
88,8059137,2.0,0.0,0.0,0.0,0.0,0,2.0,0.0
89,8255171,1.0,1.0,0.0,0.0,0.0,0,3.0,0.0
90,8372068,0.0,0.0,3.0,0.0,2.0,1,0.0,19.0
91,8500369,0.0,0.0,1.0,0.0,0.0,0,0.0,3.0
92,8502179,1.0,2.0,0.0,0.0,0.0,0,5.0,0.0
93,8555991,4.0,0.0,2.0,29.0,3.0,1,4.0,137.0
94,8676590,0.0,0.0,6.0,0.0,2.0,1,0.0,28.0
95,8758315,1.0,0.0,0.0,0.0,0.0,0,1.0,0.0
96,9125768,1.0,0.0,0.0,0.0,0.0,0,1.0,0.0
97,9301846,16.0,0.0,35.0,95.0,32.0,1,16.0,645.0
98,9363289,1.0,0.0,4.0,6.0,2.0,1,1.0,46.0
99,9513283,6.0,2.0,0.0,0.0,0.0,0,10.0,0.0
100,9607334,1.0,2.0,0.0,0.0,0.0,0,5.0,0.0
101,9715722,2.0,0.0,1.0,0.0,0.0,0,2.0,3.0
102,9973393,11.0,0.0,1.0,5.0,1.0,0,11.0,28.0
103,10047064,0.0,0.0,1.0,2.0,2.0,0,0.0,21.0
104,10071044,2.0,1.0,0.0,0.0,0.0,0,4.0,0.0
105,10156441,5.0,0.0,0.0,0.0,0.0,0,5.0,0.0
107,10295314,1.0,0.0,0.0,0.0,0.0,0,1.0,0.0
108,10721757,3.0,0.0,14.0,42.0,4.0,1,3.0,230.0
109,10734244,2.0,0.0,2.0,0.0,0.0,0,2.0,6.0
110,10794955,1.0,1.0,0.0,0.0,0.0,0,3.0,0.0
111,10826371,2.0,0.0,3.0,5.0,2.0,1,2.0,39.0
112,10847947,3.0,3.0,0.0,0.0,0.0,0,9.0,0.0
113,10880007,1.0,0.0,0.0,0.0,0.0,0,1.0,0.0
114,11040637,0.0,1.0,0.0,0.0,0.0,0,2.0,0.0
115,11084132,0.0,1.0,0.0,0.0,0.0,0,2.0,0.0
116,11174777,0.0,1.0,0.0,0.0,0.0,0,2.0,0.0
117,11204124,4.0,0.0,0.0,0.0,0.0,0,4.0,0.0
118,11547233,5.0,1.0,0.0,0.0,0.0,0,7.0,0.0
119,11568925,1.0,0.0,0.0,0.0,0.0,0,1.0,0.0
120,11571300,189.0,0.0,0.0,0.0,0.0,0,189.0,0.0
121,11607785,1.0,0.0,0.0,0.0,0.0,0,1.0,0.0
122,11663212,5.0,0.0,19.0,54.0,9.0,1,5.0,318.0
123,11935832,19.0,62.0,5.0,29.0,4.0,0,143.0,151.0
124,11992901,1.0,0.0,0.0,0.0,0.0,0,1.0,0.0
125,12021459,1.0,0.0,0.0,0.0,0.0,0,1.0,0.0
126,12107462,0.0,2.0,0.0,0.0,0.0,0,4.0,0.0
127,12153574,0.0,1.0,0.0,0.0,0.0,0,2.0,0.0
128,12273405,1.0,1.0,0.0,0.0,0.0,0,3.0,0.0
129,12406017,3.0,0.0,0.0,0.0,0.0,0,3.0,0.0
130,12407750,1.0,0.0,3.0,9.0,2.0,1,1.0,55.0
131,12471701,2.0,0.0,0.0,0.0,0.0,0,2.0,0.0
133,12605721,36.0,0.0,16.0,6.0,10.0,1,36.0,122.0
134,12762412,2.0,0.0,0.0,0.0,0.0,0,2.0,0.0
135,12878858,1.0,1.0,0.0,0.0,0.0,0,3.0,0.0
136,12910089,1.0,0.0,0.0,0.0,0.0,0,1.0,0.0
137,13048366,0.0,0.0,11.0,30.0,11.0,1,0.0,208.0
138,13104100,0.0,0.0,4.0,1.0,2.0,1,0.0,26.0
139,13307142,1.0,0.0,0.0,0.0,0.0,0,1.0,0.0
140,13469016,0.0,0.0,22.0,7.0,19.0,1,0.0,189.0
141,13541238,0.0,0.0,1.0,0.0,1.0,0,0.0,8.0
142,13695086,0.0,1.0,0.0,0.0,0.0,0,2.0,0.0
143,13788388,2.0,0.0,0.0,0.0,0.0,0,2.0,0.0
144,13790325,0.0,1.0,0.0,0.0,0.0,0,2.0,0.0
145,13805221,8.0,2.0,1.0,0.0,0.0,0,12.0,3.0
146,13829174,5.0,3.0,1.0,0.0,0.0,0,11.0,3.0
147,14087480,4.0,0.0,0.0,2.0,0.0,0,4.0,8.0
148,14089041,0.0,1.0,0.0,0.0,0.0,0,2.0,0.0
149,14105589,4.0,0.0,0.0,2.0,0.0,0,4.0,8.0
150,14270174,22.0,0.0,4.0,2.0,3.0,1,22.0,35.0
151,14275056,3.0,1.0,6.0,4.0,5.0,1,5.0,59.0
152,14818350,1.0,0.0,0.0,0.0,0.0,0,1.0,0.0
153,14884056,8.0,3.0,3.0,1.0,1.0,0,14.0,18.0
154,14963836,19.0,2.0,16.0,20.0,16.0,1,23.0,208.0
155,15085062,30.0,0.0,11.0,19.0,11.0,1,30.0,164.0
156,15216518,2.0,0.0,0.0,0.0,0.0,0,2.0,0.0
157,15273348,0.0,1.0,0.0,0.0,0.0,0,2.0,0.0
158,15309571,1.0,0.0,0.0,0.0,0.0,0,1.0,0.0
159,15357846,1.0,0.0,0.0,0.0,0.0,0,1.0,0.0
160,15628872,2.0,0.0,0.0,0.0,0.0,0,2.0,0.0
161,15654389,1.0,2.0,0.0,0.0,0.0,0,5.0,0.0
162,15712990,11.0,0.0,0.0,0.0,0.0,0,11.0,0.0
163,15810355,1.0,0.0,9.0,7.0,5.0,1,1.0,80.0
164,15834669,1.0,0.0,0.0,0.0,0.0,0,1.0,0.0
165,16025309,0.0,0.0,13.0,7.0,6.0,1,0.0,97.0
166,16071449,3.0,0.0,0.0,0.0,0.0,0,3.0,0.0
167,16203966,1.0,0.0,0.0,0.0,0.0,0,1.0,0.0
168,16222986,13.0,0.0,10.0,2.0,3.0,1,13.0,53.0
169,16249744,1.0,0.0,0.0,0.0,0.0,0,1.0,0.0
171,16662989,3.0,0.0,0.0,0.0,0.0,0,3.0,0.0
172,16698950,11.0,0.0,10.0,29.0,6.0,1,11.0,176.0
173,16713428,1.0,1.0,0.0,0.0,0.0,0,3.0,0.0
174,16732362,10.0,0.0,0.0,0.0,0.0,0,10.0,0.0
175,16741165,2.0,1.0,0.0,0.0,0.0,0,4.0,0.0
176,16789936,0.0,1.0,2.0,4.0,2.0,1,2.0,32.0
177,16793970,1.0,1.0,0.0,0.0,0.0,0,3.0,0.0
178,16911935,8.0,0.0,7.0,28.0,5.0,1,8.0,158.0
179,16949144,1.0,0.0,0.0,0.0,0.0,0,1.0,0.0
180,16953187,1.0,0.0,19.0,12.0,17.0,1,1.0,190.0
181,17102274,0.0,1.0,1.0,3.0,1.0,0,2.0,20.0
182,17264083,2.0,0.0,0.0,0.0,0.0,0,2.0,0.0
183,17507454,0.0,0.0,1.0,3.0,0.0,0,0.0,15.0
184,17514683,2.0,0.0,0.0,0.0,0.0,0,2.0,0.0
185,17582080,7.0,0.0,10.0,9.0,2.0,1,7.0,76.0
186,17672769,2.0,0.0,0.0,0.0,0.0,0,2.0,0.0
187,17673696,0.0,0.0,5.0,6.0,5.0,1,0.0,64.0
188,17696228,2.0,1.0,0.0,0.0,0.0,0,4.0,0.0
189,17699537,1.0,0.0,0.0,0.0,0.0,0,1.0,0.0
190,17705473,0.0,0.0,7.0,0.0,3.0,1,0.0,36.0
191,17897185,1.0,0.0,8.0,15.0,4.0,1,1.0,104.0
192,17916482,2.0,0.0,0.0,0.0,0.0,0,2.0,0.0
193,17959698,0.0,0.0,16.0,1.0,11.0,1,0.0,107.0
194,18069515,0.0,1.0,0.0,0.0,0.0,0,2.0,0.0
195,18070600,0.0,1.0,0.0,0.0,0.0,0,2.0,0.0
196,18096556,2.0,3.0,0.0,0.0,0.0,0,8.0,0.0
197,18156349,1.0,0.0,0.0,0.0,0.0,0,1.0,0.0
198,18277990,3.0,0.0,5.0,48.0,4.0,1,3.0,227.0
199,18392483,6.0,0.0,0.0,0.0,0.0,0,6.0,0.0
200,18416103,1.0,2.0,0.0,0.0,0.0,0,5.0,0.0
201,18511799,1.0,1.0,0.0,0.0,0.0,0,3.0,0.0
202,18761565,0.0,1.0,0.0,0.0,0.0,0,2.0,0.0
203,19226226,2.0,0.0,0.0,0.0,0.0,0,2.0,0.0
204,19238174,1.0,0.0,0.0,0.0,0.0,0,1.0,0.0
205,19307549,1.0,1.0,0.0,0.0,0.0,0,3.0,0.0
206,19339784,2.0,0.0,0.0,17.0,0.0,0,2.0,68.0
207,19343173,1.0,0.0,0.0,0.0,0.0,0,1.0,0.0
208,19485646,22.0,0.0,21.0,20.0,20.0,1,22.0,243.0
209,19505695,2.0,0.0,0.0,0.0,0.0,0,2.0,0.0
210,19517597,2.0,1.0,0.0,0.0,0.0,0,4.0,0.0
211,19523330,4.0,0.0,2.0,0.0,2.0,0,4.0,16.0
212,19574012,0.0,1.0,0.0,0.0,0.0,0,2.0,0.0
213,19612057,0.0,1.0,0.0,0.0,0.0,0,2.0,0.0
214,19706682,1.0,0.0,3.0,5.0,3.0,1,1.0,44.0
215,19747891,1.0,0.0,0.0,0.0,0.0,0,1.0,0.0
216,19748572,0.0,0.0,3.0,15.0,1.0,1,0.0,74.0
217,19858774,1.0,1.0,0.0,0.0,0.0,0,3.0,0.0
218,19964528,2.0,0.0,0.0,0.0,0.0,0,2.0,0.0
219,19977378,1.0,0.0,3.0,5.0,2.0,1,1.0,39.0
220,20043808,2.0,1.0,0.0,0.0,0.0,0,4.0,0.0
221,20067404,0.0,0.0,1.0,1.0,1.0,0,0.0,12.0
222,20089966,2.0,0.0,0.0,0.0,0.0,0,2.0,0.0
223,20129376,3.0,1.0,0.0,0.0,0.0,0,5.0,0.0
224,20274488,9.0,0.0,0.0,0.0,0.0,0,9.0,0.0
225,20312824,5.0,0.0,0.0,0.0,0.0,0,5.0,0.0
226,20448762,1.0,0.0,0.0,0.0,0.0,0,1.0,0.0
227,20467191,2.0,0.0,0.0,0.0,0.0,0,2.0,0.0
228,20529249,1.0,0.0,0.0,0.0,0.0,0,1.0,0.0
229,20554008,0.0,0.0,12.0,23.0,5.0,1,0.0,153.0
230,20575801,0.0,1.0,0.0,0.0,0.0,0,2.0,0.0
231,20623194,1.0,0.0,0.0,0.0,0.0,0,1.0,0.0
232,20660507,2.0,1.0,0.0,0.0,0.0,0,4.0,0.0
233,20838823,1.0,0.0,0.0,0.0,0.0,0,1.0,0.0
234,20855315,1.0,0.0,0.0,0.0,0.0,0,1.0,0.0
235,20926735,0.0,2.0,0.0,0.0,0.0,0,4.0,0.0
236,20993495,1.0,0.0,0.0,0.0,0.0,0,1.0,0.0
237,21085266,6.0,0.0,5.0,15.0,1.0,1,6.0,80.0
238,21151102,1.0,0.0,0.0,0.0,0.0,0,1.0,0.0
239,21214005,0.0,1.0,0.0,0.0,0.0,0,2.0,0.0
240,21300069,1.0,0.0,0.0,0.0,0.0,0,1.0,0.0
241,21302167,0.0,0.0,1.0,1.0,1.0,0,0.0,12.0
242,21311236,1.0,0.0,0.0,0.0,0.0,0,1.0,0.0
243,21340925,1.0,0.0,0.0,0.0,0.0,0,1.0,0.0
244,22114318,39.0,7.0,21.0,10.0,15.0,1,53.0,178.0
245,22125606,4.0,0.0,0.0,0.0,0.0,0,4.0,0.0
246,22128369,13.0,0.0,19.0,28.0,16.0,1,13.0,249.0
247,22165420,5.0,0.0,0.0,0.0,0.0,0,5.0,0.0
248,22229829,1.0,0.0,0.0,0.0,0.0,0,1.0,0.0
249,22235422,4.0,0.0,0.0,0.0,0.0,0,4.0,0.0
250,22268236,1.0,1.0,0.0,0.0,0.0,0,3.0,0.0
251,22294014,2.0,0.0,0.0,0.0,0.0,0,2.0,0.0
252,22334008,0.0,0.0,10.0,4.0,5.0,1,0.0,71.0
253,22361972,1.0,0.0,5.0,19.0,2.0,1,1.0,101.0
254,22365664,4.0,0.0,4.0,3.0,3.0,1,4.0,39.0
255,22408443,4.0,0.0,2.0,0.0,0.0,0,4.0,6.0
256,22424850,2.0,0.0,3.0,4.0,2.0,1,2.0,35.0
257,22561442,12.0,0.0,10.0,78.0,6.0,1,12.0,372.0
258,22673612,13.0,2.0,0.0,0.0,0.0,0,17.0,0.0
259,22705546,7.0,0.0,0.0,0.0,0.0,0,7.0,0.0
260,22713115,3.0,1.0,0.0,0.0,0.0,0,5.0,0.0
261,22834141,2.0,0.0,0.0,0.0,0.0,0,2.0,0.0
262,22837042,6.0,1.0,0.0,0.0,0.0,0,8.0,0.0
263,22937122,1.0,0.0,16.0,11.0,9.0,1,1.0,137.0
264,22989727,11.0,3.0,5.0,4.0,6.0,1,17.0,61.0
265,22994213,3.0,1.0,0.0,0.0,0.0,0,5.0,0.0
266,23089871,1.0,1.0,0.0,0.0,0.0,0,3.0,0.0
267,23093488,7.0,0.0,0.0,9.0,0.0,0,7.0,36.0
268,23097963,0.0,0.0,17.0,7.0,9.0,1,0.0,124.0
269,23137816,1.0,0.0,0.0,0.0,0.0,0,1.0,0.0
270,23226210,1.0,0.0,0.0,0.0,0.0,0,1.0,0.0
271,23230891,1.0,0.0,0.0,0.0,0.0,0,1.0,0.0
272,23264151,3.0,0.0,3.0,8.0,2.0,1,3.0,51.0
273,23288056,2.0,0.0,0.0,0.0,0.0,0,2.0,0.0
274,23288609,1.0,0.0,0.0,0.0,0.0,0,1.0,0.0
275,23375707,9.0,3.0,0.0,0.0,0.0,0,15.0,0.0
276,23376508,1.0,0.0,0.0,0.0,0.0,0,1.0,0.0
277,23395456,9.0,1.0,0.0,0.0,0.0,0,11.0,0.0
278,23398086,0.0,0.0,4.0,1.0,3.0,1,0.0,31.0
279,23400855,0.0,1.0,0.0,0.0,0.0,0,2.0,0.0
280,23427135,0.0,0.0,10.0,12.0,6.0,1,0.0,108.0
281,23451495,1.0,1.0,0.0,0.0,0.0,0,3.0,0.0
282,23453851,1.0,0.0,1.0,0.0,1.0,0,1.0,8.0
283,23492967,1.0,0.0,0.0,0.0,0.0,0,1.0,0.0
284,23546114,1.0,1.0,0.0,0.0,0.0,0,3.0,0.0
285,23546166,10.0,8.0,0.0,0.0,0.0,0,26.0,0.0
286,23565837,0.0,1.0,0.0,0.0,0.0,0,2.0,0.0
287,23625746,12.0,0.0,3.0,0.0,3.0,1,12.0,24.0
288,23638918,3.0,0.0,0.0,0.0,0.0,0,3.0,0.0
289,23647349,0.0,0.0,11.0,4.0,7.0,1,0.0,84.0
290,23696285,3.0,1.0,0.0,0.0,0.0,0,5.0,0.0
291,23730724,1.0,0.0,0.0,0.0,0.0,0,1.0,0.0
292,23737287,1.0,0.0,2.0,0.0,1.0,0,1.0,11.0
293,24198562,3.0,0.0,0.0,0.0,0.0,0,3.0,0.0
294,24290792,1.0,0.0,0.0,0.0,0.0,0,1.0,0.0
295,24316588,3.0,0.0,0.0,0.0,0.0,0,3.0,0.0
296,24390500,12.0,0.0,0.0,0.0,0.0,0,12.0,0.0
297,24435886,0.0,0.0,1.0,2.0,1.0,0,0.0,16.0
298,24502733,0.0,0.0,13.0,0.0,8.0,1,0.0,79.0
299,24504497,0.0,0.0,11.0,111.0,7.0,1,0.0,512.0
300,24505935,0.0,1.0,0.0,0.0,0.0,0,2.0,0.0
301,24568452,5.0,8.0,0.0,0.0,0.0,0,21.0,0.0
302,24636140,1.0,0.0,0.0,0.0,0.0,0,1.0,0.0
303,24778022,2.0,0.0,0.0,0.0,0.0,0,2.0,0.0
304,24829556,0.0,0.0,25.0,12.0,13.0,1,0.0,188.0
305,24907968,3.0,0.0,0.0,0.0,0.0,0,3.0,0.0
306,25193686,16.0,5.0,0.0,0.0,0.0,0,26.0,0.0
307,25279174,8.0,0.0,35.0,52.0,24.0,1,8.0,433.0
308,25543137,0.0,1.0,0.0,0.0,0.0,0,2.0,0.0
309,25629861,5.0,0.0,0.0,0.0,0.0,0,5.0,0.0
310,25639514,0.0,1.0,0.0,0.0,0.0,0,2.0,0.0
311,25691046,1.0,0.0,27.0,23.0,26.0,1,1.0,303.0
312,25763405,2.0,0.0,0.0,0.0,0.0,0,2.0,0.0
313,25795827,2.0,0.0,0.0,0.0,0.0,0,2.0,0.0
314,25809855,15.0,0.0,0.0,0.0,0.0,0,15.0,0.0
315,25944322,0.0,1.0,0.0,0.0,0.0,0,2.0,0.0
316,25956447,5.0,0.0,0.0,0.0,0.0,0,5.0,0.0
317,25997789,19.0,0.0,10.0,8.0,10.0,1,19.0,112.0
318,26041881,0.0,1.0,0.0,0.0,0.0,0,2.0,0.0
319,26077659,1.0,0.0,0.0,0.0,0.0,0,1.0,0.0
320,26237645,3.0,1.0,0.0,0.0,0.0,0,5.0,0.0
321,26295563,2.0,0.0,0.0,0.0,0.0,0,2.0,0.0
322,26297768,42.0,19.0,0.0,0.0,0.0,0,80.0,0.0
323,26355960,2.0,0.0,0.0,0.0,0.0,0,2.0,0.0
324,26377421,15.0,0.0,29.0,79.0,30.0,1,15.0,553.0
325,26408901,29.0,0.0,33.0,4.0,16.0,1,29.0,195.0
326,26452514,4.0,5.0,0.0,0.0,0.0,0,14.0,0.0
327,26475063,1.0,1.0,0.0,0.0,0.0,0,3.0,0.0
328,26483581,0.0,0.0,2.0,0.0,2.0,0,0.0,16.0
329,26525450,2.0,5.0,0.0,0.0,0.0,0,12.0,0.0
330,26530573,1.0,0.0,0.0,0.0,0.0,0,1.0,0.0
331,26592129,31.0,0.0,4.0,0.0,2.0,1,31.0,22.0
332,26615455,15.0,0.0,1.0,42.0,0.0,0,15.0,171.0
333,26810868,0.0,0.0,9.0,0.0,5.0,1,0.0,52.0
334,26834233,1.0,0.0,0.0,0.0,0.0,0,1.0,0.0
335,26922892,22.0,0.0,28.0,29.0,21.0,1,22.0,305.0
336,26929143,1.0,0.0,0.0,0.0,0.0,0,1.0,0.0
337,27005213,1.0,0.0,0.0,0.0,0.0,0,1.0,0.0
338,27048832,13.0,0.0,0.0,0.0,0.0,0,13.0,0.0
339,27151961,2.0,0.0,22.0,1.0,13.0,1,2.0,135.0
340,27223114,10.0,0.0,0.0,0.0,0.0,0,10.0,0.0
341,27273035,2.0,0.0,0.0,0.0,0.0,0,2.0,0.0
342,27281811,0.0,1.0,0.0,0.0,0.0,0,2.0,0.0
343,27303600,1.0,0.0,0.0,0.0,0.0,0,1.0,0.0
344,27354016,1.0,0.0,0.0,0.0,0.0,0,1.0,0.0
345,27406337,0.0,1.0,0.0,0.0,0.0,0,2.0,0.0
346,27532045,2.0,2.0,0.0,0.0,0.0,0,6.0,0.0
347,27617225,1.0,0.0,0.0,0.0,0.0,0,1.0,0.0
348,27690278,2.0,0.0,0.0,0.0,0.0,0,2.0,0.0
349,27951630,2.0,0.0,0.0,0.0,0.0,0,2.0,0.0
350,28081098,2.0,0.0,0.0,0.0,0.0,0,2.0,0.0
351,28379894,1.0,0.0,0.0,0.0,0.0,0,1.0,0.0
352,28588778,4.0,0.0,0.0,0.0,0.0,0,4.0,0.0
353,28639377,1.0,0.0,0.0,0.0,0.0,0,1.0,0.0
354,28671582,1.0,0.0,0.0,0.0,0.0,0,1.0,0.0
355,28736935,1.0,0.0,0.0,0.0,0.0,0,1.0,0.0
356,28780268,5.0,1.0,0.0,0.0,0.0,0,7.0,0.0
357,28918243,19.0,0.0,3.0,0.0,0.0,0,19.0,9.0
358,28981817,1.0,0.0,0.0,0.0,0.0,0,1.0,0.0
359,28988355,1.0,0.0,0.0,0.0,0.0,0,1.0,0.0
360,29245900,20.0,0.0,10.0,4.0,8.0,1,20.0,86.0
361,29249150,0.0,0.0,7.0,15.0,5.0,1,0.0,106.0
362,29419433,0.0,2.0,0.0,0.0,0.0,0,4.0,0.0
363,29689136,1.0,0.0,0.0,0.0,0.0,0,1.0,0.0
364,29772300,2.0,0.0,0.0,0.0,0.0,0,2.0,0.0
365,29775096,3.0,0.0,0.0,0.0,0.0,0,3.0,0.0
366,29832297,10.0,0.0,35.0,4.0,26.0,1,10.0,251.0
367,30189777,6.0,0.0,0.0,0.0,0.0,0,6.0,0.0
368,30210999,2.0,0.0,0.0,0.0,0.0,0,2.0,0.0
369,30222121,1.0,0.0,0.0,0.0,0.0,0,1.0,0.0
370,30226693,1.0,0.0,0.0,0.0,0.0,0,1.0,0.0
371,30228238,2.0,0.0,29.0,20.0,11.0,1,2.0,222.0
372,30252289,1.0,0.0,0.0,0.0,0.0,0,1.0,0.0
373,30338746,2.0,1.0,0.0,0.0,0.0,0,4.0,0.0
374,30462240,1.0,0.0,0.0,0.0,0.0,0,1.0,0.0
375,30516196,0.0,0.0,4.0,20.0,4.0,1,0.0,112.0
376,30695251,4.0,0.0,0.0,0.0,0.0,0,4.0,0.0
377,30888016,2.0,1.0,0.0,0.0,0.0,0,4.0,0.0
378,30919197,1.0,0.0,0.0,0.0,0.0,0,1.0,0.0
379,31060617,3.0,1.0,0.0,0.0,0.0,0,5.0,0.0
380,31130127,3.0,1.0,0.0,0.0,0.0,0,5.0,0.0
381,31271515,1.0,0.0,0.0,0.0,0.0,0,1.0,0.0
382,31386411,2.0,0.0,13.0,50.0,7.0,1,2.0,274.0
383,31554245,3.0,1.0,0.0,0.0,0.0,0,5.0,0.0
384,31559413,19.0,0.0,2.0,0.0,0.0,0,19.0,6.0
385,31640436,1.0,0.0,0.0,0.0,0.0,0,1.0,0.0
386,31772922,1.0,0.0,0.0,0.0,0.0,0,1.0,0.0
387,31793509,0.0,1.0,0.0,0.0,0.0,0,2.0,0.0
388,31800336,12.0,0.0,17.0,74.0,12.0,1,12.0,407.0
389,31800397,0.0,1.0,0.0,0.0,0.0,0,2.0,0.0
390,31891223,18.0,0.0,4.0,2.0,3.0,1,18.0,35.0
391,31946436,1.0,0.0,0.0,0.0,0.0,0,1.0,0.0
392,31980659,3.0,3.0,0.0,0.0,0.0,0,9.0,0.0
393,32007361,5.0,0.0,0.0,0.0,0.0,0,5.0,0.0
394,32017755,3.0,0.0,0.0,0.0,0.0,0,3.0,0.0
395,32121486,0.0,1.0,0.0,0.0,0.0,0,2.0,0.0
396,32192043,9.0,0.0,3.0,0.0,0.0,0,9.0,9.0
397,32410583,10.0,0.0,8.0,85.0,6.0,1,10.0,394.0
398,32428676,3.0,0.0,6.0,3.0,7.0,1,3.0,65.0
399,32585434,6.0,3.0,0.0,0.0,0.0,0,12.0,0.0
400,32661927,1.0,0.0,0.0,0.0,0.0,0,1.0,0.0
401,32662175,2.0,1.0,0.0,0.0,0.0,0,4.0,0.0
402,32666364,2.0,0.0,0.0,0.0,0.0,0,2.0,0.0
403,32728786,0.0,0.0,7.0,4.0,4.0,1,0.0,57.0
404,32832641,2.0,0.0,33.0,85.0,26.0,1,2.0,569.0
405,33169170,0.0,0.0,2.0,0.0,2.0,0,0.0,16.0
406,33314516,2.0,0.0,0.0,0.0,0.0,0,2.0,0.0
407,33346934,2.0,0.0,0.0,0.0,0.0,0,2.0,0.0
408,33372298,1.0,1.0,0.0,0.0,0.0,0,3.0,0.0
409,33388509,1.0,0.0,0.0,0.0,0.0,0,1.0,0.0
410,33409578,0.0,1.0,0.0,0.0,0.0,0,2.0,0.0
411,33422273,1.0,0.0,0.0,0.0,0.0,0,1.0,0.0
412,33440396,1.0,0.0,11.0,11.0,9.0,1,1.0,122.0
413,33516456,9.0,0.0,0.0,0.0,0.0,0,9.0,0.0
414,33592669,2.0,0.0,0.0,0.0,0.0,0,2.0,0.0
415,33630730,3.0,1.0,0.0,0.0,0.0,0,5.0,0.0
416,33639025,1.0,0.0,1.0,0.0,0.0,0,1.0,3.0
417,33831605,1.0,0.0,0.0,0.0,0.0,0,1.0,0.0
418,33838455,6.0,1.0,6.0,4.0,5.0,1,8.0,59.0
419,33971685,14.0,2.0,0.0,0.0,0.0,0,18.0,0.0
420,34057289,1.0,0.0,9.0,30.0,8.0,1,1.0,187.0
421,34152981,1.0,0.0,1.0,4.0,2.0,0,1.0,29.0
422,34421038,1.0,0.0,0.0,0.0,0.0,0,1.0,0.0
423,34644177,3.0,0.0,0.0,0.0,0.0,0,3.0,0.0
424,34858378,1.0,0.0,0.0,0.0,0.0,0,1.0,0.0
425,34859558,0.0,2.0,3.0,10.0,1.0,0,4.0,54.0
426,34878758,2.0,0.0,1.0,0.0,0.0,0,2.0,3.0
427,34932923,2.0,0.0,0.0,0.0,0.0,0,2.0,0.0
428,34997168,1.0,0.0,0.0,0.0,0.0,0,1.0,0.0
429,35124575,3.0,0.0,0.0,0.0,0.0,0,3.0,0.0
430,35131887,1.0,0.0,9.0,3.0,6.0,1,1.0,69.0
431,35260648,5.0,1.0,0.0,0.0,0.0,0,7.0,0.0
432,35327911,2.0,0.0,0.0,0.0,0.0,0,2.0,0.0
433,35332537,0.0,1.0,0.0,0.0,0.0,0,2.0,0.0
434,35415063,1.0,1.0,0.0,0.0,0.0,0,3.0,0.0
435,35552275,1.0,0.0,0.0,0.0,0.0,0,1.0,0.0
436,35565423,0.0,0.0,3.0,0.0,2.0,1,0.0,19.0
437,35566228,4.0,0.0,0.0,0.0,0.0,0,4.0,0.0
438,35616797,1.0,0.0,0.0,0.0,0.0,0,1.0,0.0
439,35753175,4.0,1.0,0.0,0.0,0.0,0,6.0,0.0
440,35760377,8.0,0.0,0.0,0.0,0.0,0,8.0,0.0
441,35791727,1.0,0.0,0.0,0.0,0.0,0,1.0,0.0
442,35824027,0.0,0.0,0.0,15.0,0.0,0,0.0,60.0
443,35893472,3.0,0.0,0.0,0.0,0.0,0,3.0,0.0
444,35895648,3.0,0.0,0.0,0.0,0.0,0,3.0,0.0
445,35919144,3.0,2.0,0.0,0.0,0.0,0,7.0,0.0
446,35991857,1.0,1.0,1.0,0.0,0.0,0,3.0,3.0
447,36118853,1.0,0.0,0.0,0.0,0.0,0,1.0,0.0
448,36142776,7.0,2.0,0.0,0.0,0.0,0,11.0,0.0
449,36184705,4.0,3.0,0.0,0.0,0.0,0,10.0,0.0
450,36214675,1.0,1.0,0.0,0.0,0.0,0,3.0,0.0
451,36447190,7.0,0.0,5.0,17.0,3.0,1,7.0,98.0
452,36467910,1.0,1.0,0.0,0.0,0.0,0,3.0,0.0
453,36473484,3.0,0.0,0.0,0.0,0.0,0,3.0,0.0
454,36786496,1.0,0.0,0.0,0.0,0.0,0,1.0,0.0
455,36815507,1.0,0.0,0.0,0.0,0.0,0,1.0,0.0
456,36870094,0.0,1.0,0.0,0.0,0.0,0,2.0,0.0
457,36887207,7.0,6.0,0.0,0.0,0.0,0,19.0,0.0
458,36888632,1.0,0.0,0.0,0.0,0.0,0,1.0,0.0
459,37035235,1.0,0.0,0.0,0.0,0.0,0,1.0,0.0
460,37108001,4.0,0.0,0.0,0.0,0.0,0,4.0,0.0
461,37177680,2.0,1.0,0.0,0.0,0.0,0,4.0,0.0
462,37434543,3.0,1.0,0.0,0.0,0.0,0,5.0,0.0
463,37461625,2.0,0.0,0.0,0.0,0.0,0,2.0,0.0
464,37583126,0.0,1.0,0.0,0.0,0.0,0,2.0,0.0
465,37626451,0.0,1.0,0.0,0.0,0.0,0,2.0,0.0
466,37698791,2.0,0.0,0.0,0.0,0.0,0,2.0,0.0
467,37919763,1.0,0.0,0.0,0.0,0.0,0,1.0,0.0
468,37954528,1.0,0.0,0.0,0.0,0.0,0,1.0,0.0
469,38102074,13.0,0.0,10.0,35.0,9.0,1,13.0,215.0
470,38183546,1.0,0.0,0.0,0.0,0.0,0,1.0,0.0
471,38231817,0.0,0.0,0.0,1.0,0.0,0,0.0,4.0
472,38270359,0.0,1.0,0.0,0.0,0.0,0,2.0,0.0
473,38436475,18.0,1.0,5.0,0.0,0.0,0,20.0,15.0
474,38637821,0.0,1.0,0.0,0.0,0.0,0,2.0,0.0
475,38650344,14.0,0.0,0.0,0.0,0.0,0,14.0,0.0
476,38745695,2.0,0.0,0.0,0.0,0.0,0,2.0,0.0
477,38804949,1.0,1.0,0.0,0.0,0.0,0,3.0,0.0
478,38852362,3.0,0.0,0.0,0.0,0.0,0,3.0,0.0
479,38883252,8.0,0.0,0.0,0.0,0.0,0,8.0,0.0
480,39027951,0.0,1.0,0.0,0.0,0.0,0,2.0,0.0
481,39048551,2.0,4.0,0.0,0.0,0.0,0,10.0,0.0
482,39162106,18.0,0.0,0.0,0.0,0.0,0,18.0,0.0
483,39303645,9.0,0.0,3.0,19.0,1.0,1,9.0,90.0
484,39413303,1.0,1.0,0.0,0.0,0.0,0,3.0,0.0
485,39514205,1.0,1.0,0.0,0.0,0.0,0,3.0,0.0
486,39549453,2.0,0.0,11.0,15.0,5.0,1,2.0,118.0
487,39621208,4.0,0.0,0.0,0.0,0.0,0,4.0,0.0
488,39645414,1.0,0.0,0.0,0.0,0.0,0,1.0,0.0
489,39875080,3.0,1.0,0.0,0.0,0.0,0,5.0,0.0
490,39876205,1.0,1.0,0.0,0.0,0.0,0,3.0,0.0
491,39895015,1.0,0.0,0.0,0.0,0.0,0,1.0,0.0
492,39959472,0.0,1.0,0.0,0.0,0.0,0,2.0,0.0
493,39967756,4.0,1.0,0.0,0.0,0.0,0,6.0,0.0
494,39974283,1.0,0.0,0.0,0.0,0.0,0,1.0,0.0
495,40142881,1.0,0.0,0.0,0.0,0.0,0,1.0,0.0
496,40166807,1.0,1.0,0.0,0.0,0.0,0,3.0,0.0
497,40344969,6.0,1.0,0.0,0.0,0.0,0,8.0,0.0
498,40347050,7.0,1.0,0.0,0.0,0.0,0,9.0,0.0
499,40423569,1.0,2.0,0.0,0.0,0.0,0,5.0,0.0
500,40531744,1.0,2.0,0.0,0.0,0.0,0,5.0,0.0
501,40545261,1.0,0.0,0.0,0.0,0.0,0,1.0,0.0
502,40624744,1.0,0.0,0.0,0.0,0.0,0,1.0,0.0
503,40649829,0.0,1.0,0.0,0.0,0.0,0,2.0,0.0
504,40650479,1.0,0.0,0.0,0.0,0.0,0,1.0,0.0
505,40679769,0.0,2.0,0.0,0.0,0.0,0,4.0,0.0
506,40840292,0.0,0.0,4.0,1.0,2.0,1,0.0,26.0
507,40875421,30.0,18.0,0.0,0.0,0.0,0,66.0,0.0
508,40911446,1.0,0.0,0.0,0.0,0.0,0,1.0,0.0
509,41096961,0.0,1.0,0.0,0.0,0.0,0,2.0,0.0
510,41244687,13.0,0.0,0.0,0.0,0.0,0,13.0,0.0
511,41277577,4.0,0.0,0.0,0.0,0.0,0,4.0,0.0
512,41637559,7.0,0.0,0.0,0.0,0.0,0,7.0,0.0
513,41670588,3.0,0.0,0.0,0.0,0.0,0,3.0,0.0
514,41693562,7.0,0.0,0.0,0.0,0.0,0,7.0,0.0
515,41719159,4.0,0.0,8.0,8.0,4.0,1,4.0,76.0
516,41909825,3.0,1.0,0.0,0.0,0.0,0,5.0,0.0
517,41941775,0.0,0.0,1.0,0.0,1.0,0,0.0,8.0
518,42169302,0.0,1.0,0.0,0.0,0.0,0,2.0,0.0
519,42445931,2.0,0.0,0.0,0.0,0.0,0,2.0,0.0
520,42636900,1.0,0.0,0.0,0.0,0.0,0,1.0,0.0
521,42901638,1.0,2.0,0.0,0.0,0.0,0,5.0,0.0
522,43403833,10.0,0.0,0.0,0.0,0.0,0,10.0,0.0
523,43428011,1.0,0.0,0.0,0.0,0.0,0,1.0,0.0
524,43545086,10.0,1.0,0.0,0.0,0.0,0,12.0,0.0
525,43558814,4.0,1.0,0.0,0.0,0.0,0,6.0,0.0
526,43610203,2.0,5.0,0.0,0.0,0.0,0,12.0,0.0
527,43648730,2.0,0.0,0.0,0.0,0.0,0,2.0,0.0
528,43675899,3.0,0.0,0.0,0.0,0.0,0,3.0,0.0
529,43678920,1.0,0.0,0.0,0.0,0.0,0,1.0,0.0
530,43805582,1.0,0.0,0.0,0.0,0.0,0,1.0,0.0
531,43838913,1.0,0.0,0.0,0.0,0.0,0,1.0,0.0
532,43953930,3.0,0.0,2.0,21.0,2.0,1,3.0,100.0
533,44031081,1.0,0.0,0.0,0.0,0.0,0,1.0,0.0
534,44107003,26.0,7.0,0.0,0.0,0.0,0,40.0,0.0
535,44183328,1.0,0.0,0.0,0.0,0.0,0,1.0,0.0
536,44188056,6.0,1.0,0.0,0.0,0.0,0,8.0,0.0
537,44219374,1.0,0.0,0.0,0.0,0.0,0,1.0,0.0
538,44253501,3.0,3.0,0.0,0.0,0.0,0,9.0,0.0
539,44425324,0.0,0.0,0.0,2.0,0.0,0,0.0,8.0
540,44515500,1.0,0.0,0.0,0.0,0.0,0,1.0,0.0
541,44526641,1.0,0.0,0.0,0.0,0.0,0,1.0,0.0
542,44633898,1.0,0.0,0.0,0.0,0.0,0,1.0,0.0
543,44646718,0.0,2.0,0.0,0.0,0.0,0,4.0,0.0
544,44690599,1.0,1.0,0.0,0.0,0.0,0,3.0,0.0
545,44720530,1.0,0.0,0.0,0.0,0.0,0,1.0,0.0
546,44743750,3.0,0.0,0.0,0.0,0.0,0,3.0,0.0
547,44748473,8.0,1.0,0.0,0.0,0.0,0,10.0,0.0
548,44995970,1.0,0.0,0.0,0.0,0.0,0,1.0,0.0
549,45023083,21.0,0.0,4.0,0.0,0.0,0,21.0,12.0
550,45024560,1.0,0.0,0.0,0.0,0.0,0,1.0,0.0
551,45056973,0.0,0.0,1.0,0.0,1.0,0,0.0,8.0
552,45066800,3.0,0.0,0.0,0.0,0.0,0,3.0,0.0
553,45086137,1.0,0.0,0.0,0.0,0.0,0,1.0,0.0
554,45134013,1.0,0.0,0.0,0.0,0.0,0,1.0,0.0
555,45140358,0.0,0.0,1.0,0.0,0.0,0,0.0,3.0
556,45171399,3.0,1.0,0.0,0.0,0.0,0,5.0,0.0
557,45189361,14.0,0.0,0.0,0.0,0.0,0,14.0,0.0
558,45480822,1.0,0.0,0.0,0.0,0.0,0,1.0,0.0
559,45517294,3.0,0.0,0.0,0.0,0.0,0,3.0,0.0
560,45743512,1.0,0.0,0.0,0.0,0.0,0,1.0,0.0
561,45811650,2.0,0.0,0.0,0.0,0.0,0,2.0,0.0
562,45868513,1.0,0.0,0.0,0.0,0.0,0,1.0,0.0
563,45984089,1.0,0.0,0.0,0.0,0.0,0,1.0,0.0
564,46068933,1.0,0.0,0.0,0.0,0.0,0,1.0,0.0
565,46072190,2.0,0.0,0.0,0.0,0.0,0,2.0,0.0
566,46082092,1.0,0.0,0.0,0.0,0.0,0,1.0,0.0
567,46156734,7.0,0.0,1.0,0.0,0.0,0,7.0,3.0
568,46183033,2.0,1.0,0.0,0.0,0.0,0,4.0,0.0
569,46213799,1.0,0.0,0.0,0.0,0.0,0,1.0,0.0
570,46314656,5.0,1.0,4.0,0.0,2.0,1,7.0,22.0
571,46340572,1.0,0.0,0.0,0.0,0.0,0,1.0,0.0
572,46362180,3.0,2.0,0.0,0.0,0.0,0,7.0,0.0
573,46363205,0.0,2.0,0.0,0.0,0.0,0,4.0,0.0
574,46363693,0.0,0.0,9.0,6.0,6.0,1,0.0,81.0
575,46395989,3.0,0.0,0.0,0.0,0.0,0,3.0,0.0
576,46481479,3.0,1.0,0.0,0.0,0.0,0,5.0,0.0
577,46676188,3.0,0.0,0.0,0.0,0.0,0,3.0,0.0
578,46680416,1.0,1.0,0.0,0.0,0.0,0,3.0,0.0
579,46740794,0.0,0.0,4.0,64.0,3.0,1,0.0,283.0
580,46782768,0.0,0.0,0.0,20.0,0.0,0,0.0,80.0
581,46804044,1.0,0.0,0.0,0.0,0.0,0,1.0,0.0
582,46900538,1.0,0.0,0.0,0.0,0.0,0,1.0,0.0
583,47050695,0.0,1.0,0.0,0.0,0.0,0,2.0,0.0
584,47151829,67.0,4.0,6.0,14.0,3.0,1,75.0,89.0
585,47473673,0.0,1.0,0.0,0.0,0.0,0,2.0,0.0
586,47512291,1.0,0.0,0.0,0.0,0.0,0,1.0,0.0
587,47514961,2.0,0.0,0.0,0.0,0.0,0,2.0,0.0
588,47554610,3.0,0.0,0.0,17.0,0.0,0,3.0,68.0
589,48011716,1.0,0.0,0.0,0.0,0.0,0,1.0,0.0
590,48110081,1.0,0.0,0.0,0.0,0.0,0,1.0,0.0
591,48111042,1.0,0.0,5.0,0.0,5.0,1,1.0,40.0
592,48168743,0.0,1.0,0.0,0.0,0.0,0,2.0,0.0
593,48182083,5.0,0.0,0.0,0.0,0.0,0,5.0,0.0
594,48191911,0.0,0.0,1.0,5.0,0.0,0,0.0,23.0
595,48401621,2.0,0.0,0.0,0.0,0.0,0,2.0,0.0
596,48509226,0.0,0.0,2.0,0.0,0.0,0,0.0,6.0
597,48511594,1.0,0.0,0.0,0.0,0.0,0,1.0,0.0
598,48513057,1.0,0.0,0.0,0.0,0.0,0,1.0,0.0
599,48537650,2.0,0.0,0.0,0.0,0.0,0,2.0,0.0
600,48580700,1.0,0.0,0.0,0.0,0.0,0,1.0,0.0
601,48672338,3.0,1.0,0.0,0.0,0.0,0,5.0,0.0
602,48790910,1.0,0.0,0.0,0.0,0.0,0,1.0,0.0
603,48793257,3.0,0.0,2.0,37.0,0.0,0,3.0,154.0
604,48834029,1.0,0.0,0.0,0.0,0.0,0,1.0,0.0
605,48859437,1.0,0.0,0.0,0.0,0.0,0,1.0,0.0
606,49090790,0.0,0.0,17.0,12.0,14.0,1,0.0,169.0
607,49190204,1.0,0.0,0.0,0.0,0.0,0,1.0,0.0
608,49230821,8.0,0.0,11.0,2.0,5.0,1,8.0,66.0
609,49318890,1.0,0.0,0.0,0.0,0.0,0,1.0,0.0
610,49358885,1.0,0.0,0.0,0.0,0.0,0,1.0,0.0
611,49387197,0.0,1.0,0.0,0.0,0.0,0,2.0,0.0
612,49463907,6.0,0.0,0.0,0.0,0.0,0,6.0,0.0
613,49541471,6.0,1.0,0.0,0.0,0.0,0,8.0,0.0
614,49553288,1.0,0.0,0.0,0.0,0.0,0,1.0,0.0
615,49690985,1.0,0.0,0.0,0.0,0.0,0,1.0,0.0
616,49851084,1.0,0.0,0.0,0.0,0.0,0,1.0,0.0
617,49898781,0.0,1.0,0.0,0.0,0.0,0,2.0,0.0
618,49911294,25.0,12.0,0.0,0.0,0.0,0,49.0,0.0
619,49938543,1.0,0.0,0.0,0.0,0.0,0,1.0,0.0
620,50003582,2.0,1.0,0.0,0.0,0.0,0,4.0,0.0
621,50006064,1.0,0.0,0.0,0.0,0.0,0,1.0,0.0
622,50011306,3.0,3.0,0.0,0.0,0.0,0,9.0,0.0
623,50097546,6.0,5.0,0.0,0.0,0.0,0,16.0,0.0
624,50135313,4.0,2.0,0.0,0.0,0.0,0,8.0,0.0
625,50294940,5.0,0.0,0.0,0.0,0.0,0,5.0,0.0
626,50389217,1.0,0.0,0.0,0.0,0.0,0,1.0,0.0
627,50394665,35.0,5.0,3.0,0.0,0.0,0,45.0,9.0
628,50474132,2.0,0.0,1.0,0.0,0.0,0,2.0,3.0
629,50647902,0.0,1.0,0.0,0.0,0.0,0,2.0,0.0
630,50656048,1.0,0.0,0.0,0.0,0.0,0,1.0,0.0
631,50691816,18.0,0.0,3.0,5.0,3.0,1,18.0,44.0
632,50702353,4.0,0.0,0.0,0.0,0.0,0,4.0,0.0
633,50894398,0.0,7.0,0.0,0.0,0.0,0,14.0,0.0
634,50902619,0.0,1.0,0.0,0.0,0.0,0,2.0,0.0
635,51010057,1.0,0.0,0.0,0.0,0.0,0,1.0,0.0
636,51083814,7.0,1.0,0.0,0.0,0.0,0,9.0,0.0
637,51102941,4.0,0.0,19.0,107.0,10.0,1,4.0,535.0
638,51123657,2.0,0.0,0.0,0.0,0.0,0,2.0,0.0
639,51190264,1.0,1.0,0.0,0.0,0.0,0,3.0,0.0
640,51193067,1.0,2.0,0.0,0.0,0.0,0,5.0,0.0
641,51236891,1.0,0.0,0.0,0.0,0.0,0,1.0,0.0
642,51314274,8.0,3.0,13.0,32.0,9.0,1,14.0,212.0
643,51369075,1.0,0.0,0.0,0.0,0.0,0,1.0,0.0
644,51416475,3.0,0.0,0.0,0.0,0.0,0,3.0,0.0
645,51417260,3.0,1.0,0.0,0.0,0.0,0,5.0,0.0
646,52000032,13.0,0.0,0.0,0.0,0.0,0,13.0,0.0
647,52125775,1.0,1.0,0.0,0.0,0.0,0,3.0,0.0
648,52353600,1.0,1.0,0.0,0.0,0.0,0,3.0,0.0
649,52485244,57.0,0.0,27.0,37.0,22.0,1,57.0,339.0
650,52520497,15.0,2.0,10.0,9.0,11.0,1,19.0,121.0
651,52529258,4.0,0.0,5.0,0.0,5.0,1,4.0,40.0
652,52576338,2.0,0.0,0.0,0.0,0.0,0,2.0,0.0
653,52579652,0.0,1.0,0.0,0.0,0.0,0,2.0,0.0
654,52589436,0.0,1.0,0.0,0.0,0.0,0,2.0,0.0
655,52735331,8.0,0.0,8.0,2.0,7.0,1,8.0,67.0
656,52780409,1.0,0.0,0.0,0.0,0.0,0,1.0,0.0
657,52785738,1.0,0.0,0.0,0.0,0.0,0,1.0,0.0
658,52813902,1.0,0.0,0.0,0.0,0.0,0,1.0,0.0
659,52873355,11.0,2.0,0.0,0.0,0.0,0,15.0,0.0
660,52893395,1.0,0.0,0.0,0.0,0.0,0,1.0,0.0
661,52959016,3.0,0.0,0.0,0.0,0.0,0,3.0,0.0
662,53050641,1.0,0.0,0.0,0.0,0.0,0,1.0,0.0
663,53207383,1.0,1.0,0.0,0.0,0.0,0,3.0,0.0
664,53228331,4.0,0.0,0.0,0.0,0.0,0,4.0,0.0
665,53300321,0.0,0.0,3.0,0.0,0.0,0,0.0,9.0
666,53330749,0.0,0.0,1.0,0.0,0.0,0,0.0,3.0
667,53335269,1.0,0.0,0.0,0.0,0.0,0,1.0,0.0
668,53423816,6.0,0.0,0.0,0.0,0.0,0,6.0,0.0
669,53635925,1.0,0.0,0.0,0.0,0.0,0,1.0,0.0
670,53958801,2.0,0.0,0.0,0.0,0.0,0,2.0,0.0
671,53987775,5.0,1.0,0.0,0.0,0.0,0,7.0,0.0
672,54018278,0.0,2.0,0.0,0.0,0.0,0,4.0,0.0
673,54031703,2.0,0.0,0.0,0.0,0.0,0,2.0,0.0
674,54087448,0.0,1.0,0.0,0.0,0.0,0,2.0,0.0
675,54314261,4.0,1.0,0.0,0.0,0.0,0,6.0,0.0
676,54409021,1.0,0.0,0.0,0.0,0.0,0,1.0,0.0
677,54427695,2.0,1.0,0.0,0.0,0.0,0,4.0,0.0
678,54431639,1.0,0.0,0.0,0.0,0.0,0,1.0,0.0
679,54463821,4.0,1.0,0.0,0.0,0.0,0,6.0,0.0
680,54679592,1.0,0.0,0.0,0.0,0.0,0,1.0,0.0
681,54712081,12.0,0.0,0.0,0.0,0.0,0,12.0,0.0
682,54735487,1.0,0.0,0.0,0.0,0.0,0,1.0,0.0
683,54929971,15.0,0.0,0.0,0.0,0.0,0,15.0,0.0
684,55010179,1.0,0.0,2.0,0.0,0.0,0,1.0,6.0
685,55041393,0.0,2.0,0.0,0.0,0.0,0,4.0,0.0
686,55098014,1.0,0.0,0.0,0.0,0.0,0,1.0,0.0
687,55306203,3.0,2.0,0.0,0.0,0.0,0,7.0,0.0
688,55533958,1.0,3.0,0.0,0.0,0.0,0,7.0,0.0
689,55796038,4.0,0.0,0.0,0.0,0.0,0,4.0,0.0
690,56210505,1.0,1.0,0.0,0.0,0.0,0,3.0,0.0
691,56222264,2.0,4.0,0.0,0.0,0.0,0,10.0,0.0
692,56465628,1.0,1.0,0.0,0.0,0.0,0,3.0,0.0
693,56477651,0.0,1.0,0.0,0.0,0.0,0,2.0,0.0
694,56532204,2.0,0.0,0.0,0.0,0.0,0,2.0,0.0
695,56670399,2.0,0.0,0.0,0.0,0.0,0,2.0,0.0
696,56712440,1.0,1.0,0.0,0.0,0.0,0,3.0,0.0
697,56715553,0.0,1.0,0.0,0.0,0.0,0,2.0,0.0
698,56818522,12.0,1.0,0.0,0.0,0.0,0,14.0,0.0
699,56824848,2.0,0.0,0.0,0.0,0.0,0,2.0,0.0
700,56901463,2.0,1.0,0.0,0.0,0.0,0,4.0,0.0
701,57120445,2.0,0.0,0.0,0.0,0.0,0,2.0,0.0
702,57163496,1.0,1.0,0.0,0.0,0.0,0,3.0,0.0
703,57218399,0.0,1.0,0.0,0.0,0.0,0,2.0,0.0
704,57249073,0.0,0.0,0.0,2.0,0.0,0,0.0,8.0
705,57347395,3.0,0.0,0.0,0.0,0.0,0,3.0,0.0
706,57388578,1.0,1.0,0.0,0.0,0.0,0,3.0,0.0
707,57423478,0.0,1.0,0.0,0.0,0.0,0,2.0,0.0
708,57516903,1.0,0.0,0.0,0.0,0.0,0,1.0,0.0
709,57586553,1.0,1.0,0.0,0.0,0.0,0,3.0,0.0
710,57614716,12.0,3.0,0.0,0.0,0.0,0,18.0,0.0
711,57820731,1.0,0.0,1.0,0.0,0.0,0,1.0,3.0
712,57925503,9.0,2.0,0.0,0.0,0.0,0,13.0,0.0
713,57934209,5.0,2.0,0.0,0.0,0.0,0,9.0,0.0
714,57969858,1.0,0.0,0.0,0.0,0.0,0,1.0,0.0
715,58030051,1.0,0.0,0.0,0.0,0.0,0,1.0,0.0
716,58201310,2.0,1.0,0.0,0.0,0.0,0,4.0,0.0
717,58379280,2.0,1.0,0.0,0.0,0.0,0,4.0,0.0
718,58476312,3.0,0.0,0.0,0.0,0.0,0,3.0,0.0
719,58622517,2.0,0.0,0.0,0.0,0.0,0,2.0,0.0
720,58645709,1.0,0.0,0.0,0.0,0.0,0,1.0,0.0
721,58867937,8.0,0.0,0.0,0.0,0.0,0,8.0,0.0
722,58896895,2.0,2.0,0.0,0.0,0.0,0,6.0,0.0
723,58903762,5.0,0.0,0.0,0.0,0.0,0,5.0,0.0
724,59130750,1.0,0.0,0.0,0.0,0.0,0,1.0,0.0
725,59186797,1.0,0.0,0.0,0.0,0.0,0,1.0,0.0
726,59908449,5.0,2.0,0.0,0.0,0.0,0,9.0,0.0
727,59949178,1.0,0.0,0.0,0.0,0.0,0,1.0,0.0
728,60031998,1.0,1.0,0.0,0.0,0.0,0,3.0,0.0
729,60082702,1.0,0.0,1.0,0.0,0.0,0,1.0,3.0
730,60126992,1.0,1.0,0.0,0.0,0.0,0,3.0,0.0
731,60222359,2.0,1.0,0.0,0.0,0.0,0,4.0,0.0
732,60281596,1.0,0.0,0.0,0.0,0.0,0,1.0,0.0
733,60506334,0.0,1.0,0.0,0.0,0.0,0,2.0,0.0
734,60516512,3.0,0.0,0.0,0.0,0.0,0,3.0,0.0
735,60559247,1.0,1.0,0.0,0.0,0.0,0,3.0,0.0
736,60848081,2.0,0.0,0.0,0.0,0.0,0,2.0,0.0
737,61099346,1.0,0.0,0.0,0.0,0.0,0,1.0,0.0
738,61105590,3.0,0.0,0.0,0.0,0.0,0,3.0,0.0
739,61349199,6.0,0.0,10.0,52.0,4.0,1,6.0,258.0
740,61376672,1.0,0.0,0.0,0.0,0.0,0,1.0,0.0
741,61457502,2.0,0.0,0.0,0.0,0.0,0,2.0,0.0
742,61509470,1.0,0.0,0.0,0.0,0.0,0,1.0,0.0
743,61540018,0.0,1.0,0.0,0.0,0.0,0,2.0,0.0
744,61573829,2.0,1.0,0.0,0.0,0.0,0,4.0,0.0
745,61689247,2.0,1.0,0.0,0.0,0.0,0,4.0,0.0
746,61724827,0.0,1.0,0.0,0.0,0.0,0,2.0,0.0
747,61859193,1.0,2.0,0.0,0.0,0.0,0,5.0,0.0
748,61966605,1.0,0.0,0.0,0.0,0.0,0,1.0,0.0
749,62001364,0.0,0.0,2.0,0.0,2.0,0,0.0,16.0
750,62179813,3.0,1.0,0.0,0.0,0.0,0,5.0,0.0
751,62205283,1.0,0.0,0.0,0.0,0.0,0,1.0,0.0
752,62227361,2.0,6.0,0.0,0.0,0.0,0,14.0,0.0
753,62319461,2.0,0.0,0.0,0.0,0.0,0,2.0,0.0
754,62320922,1.0,0.0,0.0,0.0,0.0,0,1.0,0.0
755,62455172,1.0,0.0,0.0,0.0,0.0,0,1.0,0.0
756,62497608,5.0,0.0,0.0,0.0,0.0,0,5.0,0.0
757,62569058,35.0,0.0,25.0,78.0,19.0,1,35.0,482.0
758,62750472,0.0,1.0,0.0,0.0,0.0,0,2.0,0.0
759,62833940,2.0,1.0,0.0,0.0,0.0,0,4.0,0.0
760,62922815,10.0,0.0,0.0,0.0,0.0,0,10.0,0.0
761,62974595,2.0,0.0,18.0,25.0,8.0,1,2.0,194.0
762,62975073,0.0,1.0,0.0,0.0,0.0,0,2.0,0.0
764,63039798,1.0,0.0,0.0,0.0,0.0,0,1.0,0.0
765,63115081,3.0,0.0,0.0,0.0,0.0,0,3.0,0.0
766,63340684,1.0,0.0,0.0,0.0,0.0,0,1.0,0.0
767,63343847,4.0,0.0,0.0,0.0,0.0,0,4.0,0.0
768,63446546,1.0,0.0,0.0,0.0,0.0,0,1.0,0.0
769,63526175,0.0,0.0,1.0,0.0,0.0,0,0.0,3.0
770,63985311,1.0,0.0,0.0,0.0,0.0,0,1.0,0.0
771,64118875,1.0,0.0,0.0,0.0,0.0,0,1.0,0.0
772,64632901,2.0,0.0,0.0,0.0,0.0,0,2.0,0.0
773,64730376,1.0,1.0,0.0,0.0,0.0,0,3.0,0.0
774,64762766,2.0,1.0,0.0,0.0,0.0,0,4.0,0.0
775,64831773,2.0,0.0,0.0,0.0,0.0,0,2.0,0.0
776,64840648,2.0,0.0,0.0,0.0,0.0,0,2.0,0.0
777,65107368,2.0,0.0,0.0,0.0,0.0,0,2.0,0.0
778,65168575,11.0,1.0,0.0,0.0,0.0,0,13.0,0.0
779,65226441,0.0,1.0,0.0,0.0,0.0,0,2.0,0.0
780,65387582,1.0,0.0,0.0,0.0,0.0,0,1.0,0.0
781,65493934,0.0,0.0,7.0,0.0,2.0,1,0.0,31.0
782,65750219,1.0,0.0,0.0,0.0,0.0,0,1.0,0.0
783,65996354,1.0,0.0,0.0,0.0,0.0,0,1.0,0.0
784,66041642,2.0,0.0,0.0,0.0,0.0,0,2.0,0.0
785,66046309,1.0,1.0,0.0,0.0,0.0,0,3.0,0.0
786,66538098,1.0,1.0,0.0,0.0,0.0,0,3.0,0.0
787,66579493,0.0,1.0,0.0,0.0,0.0,0,2.0,0.0
788,66627544,0.0,1.0,0.0,0.0,0.0,0,2.0,0.0
789,66725845,9.0,3.0,0.0,0.0,0.0,0,15.0,0.0
790,66763551,12.0,0.0,0.0,0.0,0.0,0,12.0,0.0
791,66868438,0.0,1.0,0.0,0.0,0.0,0,2.0,0.0
792,66876429,17.0,4.0,0.0,0.0,0.0,0,25.0,0.0
793,66960705,5.0,1.0,0.0,0.0,0.0,0,7.0,0.0
794,67057091,8.0,0.0,6.0,40.0,5.0,1,8.0,203.0
795,67140264,2.0,1.0,0.0,0.0,0.0,0,4.0,0.0
796,67897601,1.0,4.0,0.0,0.0,0.0,0,9.0,0.0
797,67900879,0.0,1.0,0.0,0.0,0.0,0,2.0,0.0
798,68137091,1.0,1.0,0.0,0.0,0.0,0,3.0,0.0
799,68210528,1.0,1.0,3.0,1.0,2.0,1,3.0,23.0
800,68314259,20.0,2.0,0.0,0.0,0.0,0,24.0,0.0
801,68360383,2.0,0.0,0.0,0.0,0.0,0,2.0,0.0
802,68405256,1.0,1.0,0.0,0.0,0.0,0,3.0,0.0
803,68497831,1.0,2.0,0.0,0.0,0.0,0,5.0,0.0
804,68743668,1.0,0.0,0.0,0.0,0.0,0,1.0,0.0
805,68764567,1.0,0.0,0.0,0.0,0.0,0,1.0,0.0
806,69083274,1.0,1.0,0.0,0.0,0.0,0,3.0,0.0
807,69468968,1.0,0.0,0.0,0.0,0.0,0,1.0,0.0
808,69842442,10.0,0.0,10.0,12.0,4.0,1,10.0,98.0
809,70151784,5.0,0.0,0.0,0.0,0.0,0,5.0,0.0
810,70266361,2.0,0.0,0.0,0.0,0.0,0,2.0,0.0
811,70279815,0.0,1.0,0.0,0.0,0.0,0,2.0,0.0
812,70498791,1.0,0.0,21.0,11.0,9.0,1,1.0,152.0
813,70642955,0.0,0.0,4.0,0.0,4.0,1,0.0,32.0
814,70677859,7.0,0.0,0.0,0.0,0.0,0,7.0,0.0
815,70753792,1.0,1.0,0.0,0.0,0.0,0,3.0,0.0
816,71316379,1.0,0.0,0.0,0.0,0.0,0,1.0,0.0
817,71338215,31.0,5.0,0.0,0.0,0.0,0,41.0,0.0
818,71418159,1.0,0.0,0.0,0.0,0.0,0,1.0,0.0
819,71418504,0.0,1.0,0.0,0.0,0.0,0,2.0,0.0
820,71433697,1.0,1.0,0.0,0.0,0.0,0,3.0,0.0
821,71745501,1.0,0.0,0.0,0.0,0.0,0,1.0,0.0
822,71769312,3.0,0.0,0.0,0.0,0.0,0,3.0,0.0
823,72915245,5.0,1.0,0.0,0.0,0.0,0,7.0,0.0
824,73048221,1.0,0.0,0.0,0.0,0.0,0,1.0,0.0
825,73728031,0.0,0.0,1.0,3.0,1.0,0,0.0,20.0
826,73813242,1.0,0.0,0.0,0.0,0.0,0,1.0,0.0
827,73922533,3.0,0.0,0.0,0.0,0.0,0,3.0,0.0
828,73927370,1.0,0.0,0.0,0.0,0.0,0,1.0,0.0
829,73928007,1.0,0.0,0.0,0.0,0.0,0,1.0,0.0
830,73985394,1.0,1.0,0.0,0.0,0.0,0,3.0,0.0
831,74049862,0.0,1.0,0.0,0.0,0.0,0,2.0,0.0
832,74102177,0.0,1.0,0.0,0.0,0.0,0,2.0,0.0
833,74172648,1.0,0.0,0.0,0.0,0.0,0,1.0,0.0
834,74291993,2.0,0.0,0.0,0.0,0.0,0,2.0,0.0
835,74350741,5.0,2.0,0.0,0.0,0.0,0,9.0,0.0
836,74816565,2.0,1.0,0.0,0.0,0.0,0,4.0,0.0
837,74819124,1.0,0.0,7.0,6.0,4.0,1,1.0,65.0
838,74895380,0.0,1.0,0.0,0.0,0.0,0,2.0,0.0
839,75289802,1.0,1.0,0.0,0.0,0.0,0,3.0,0.0
840,75348594,0.0,0.0,25.0,10.0,12.0,1,0.0,175.0
841,75371293,1.0,0.0,0.0,0.0,0.0,0,1.0,0.0
842,75945126,1.0,0.0,0.0,0.0,0.0,0,1.0,0.0
843,75999557,4.0,0.0,0.0,0.0,0.0,0,4.0,0.0
844,76046304,0.0,1.0,0.0,0.0,0.0,0,2.0,0.0
845,76512663,2.0,0.0,13.0,0.0,11.0,1,2.0,94.0
846,76651558,1.0,0.0,0.0,0.0,0.0,0,1.0,0.0
847,76780849,1.0,0.0,0.0,0.0,0.0,0,1.0,0.0
848,76890159,2.0,0.0,0.0,0.0,0.0,0,2.0,0.0
849,76955672,1.0,0.0,0.0,0.0,0.0,0,1.0,0.0
850,77034561,2.0,0.0,0.0,0.0,0.0,0,2.0,0.0
851,77101860,1.0,0.0,0.0,0.0,0.0,0,1.0,0.0
852,77252691,1.0,0.0,0.0,0.0,0.0,0,1.0,0.0
853,77316774,2.0,1.0,0.0,0.0,0.0,0,4.0,0.0
854,77380578,5.0,0.0,0.0,0.0,0.0,0,5.0,0.0
855,77733235,0.0,0.0,18.0,6.0,6.0,1,0.0,108.0
856,77766201,1.0,0.0,0.0,0.0,0.0,0,1.0,0.0
857,78142869,1.0,0.0,0.0,0.0,0.0,0,1.0,0.0
858,78149749,2.0,0.0,24.0,24.0,21.0,1,2.0,273.0
859,78284628,2.0,0.0,0.0,0.0,0.0,0,2.0,0.0
860,78299831,1.0,0.0,0.0,0.0,0.0,0,1.0,0.0
861,78400739,1.0,0.0,0.0,0.0,0.0,0,1.0,0.0
862,78594679,1.0,0.0,0.0,0.0,0.0,0,1.0,0.0
863,79237521,1.0,0.0,0.0,0.0,0.0,0,1.0,0.0
864,79301727,3.0,0.0,0.0,0.0,0.0,0,3.0,0.0
865,79330287,2.0,1.0,0.0,0.0,0.0,0,4.0,0.0
866,79366697,0.0,1.0,2.0,3.0,2.0,1,2.0,28.0
867,79566150,3.0,1.0,1.0,0.0,0.0,0,5.0,3.0
868,79740183,1.0,0.0,0.0,0.0,0.0,0,1.0,0.0
869,79969986,25.0,0.0,7.0,72.0,7.0,1,25.0,344.0
870,80089112,7.0,0.0,0.0,0.0,0.0,0,7.0,0.0
871,80240205,1.0,0.0,0.0,0.0,0.0,0,1.0,0.0
872,80513023,1.0,0.0,0.0,0.0,0.0,0,1.0,0.0
873,80660848,1.0,0.0,0.0,0.0,0.0,0,1.0,0.0
874,80967777,3.0,1.0,0.0,0.0,0.0,0,5.0,0.0
875,81913030,2.0,1.0,0.0,0.0,0.0,0,4.0,0.0
876,81945216,2.0,0.0,0.0,0.0,0.0,0,2.0,0.0
877,81990359,3.0,1.0,0.0,0.0,0.0,0,5.0,0.0
878,82204259,1.0,0.0,0.0,0.0,0.0,0,1.0,0.0
879,82299502,1.0,0.0,0.0,0.0,0.0,0,1.0,0.0
880,82387107,0.0,1.0,0.0,0.0,0.0,0,2.0,0.0
881,82444943,0.0,2.0,0.0,0.0,0.0,0,4.0,0.0
882,82555433,1.0,0.0,18.0,6.0,11.0,1,1.0,133.0
883,82630208,3.0,1.0,0.0,0.0,0.0,0,5.0,0.0
884,82944602,2.0,0.0,0.0,0.0,0.0,0,2.0,0.0
885,83263157,2.0,1.0,0.0,0.0,0.0,0,4.0,0.0
886,83323218,2.0,0.0,0.0,0.0,0.0,0,2.0,0.0
887,83337362,2.0,0.0,0.0,0.0,0.0,0,2.0,0.0
888,83450930,6.0,0.0,4.0,0.0,0.0,0,6.0,12.0
889,83750468,2.0,0.0,5.0,15.0,4.0,1,2.0,95.0
890,83859417,4.0,1.0,0.0,0.0,0.0,0,6.0,0.0
891,84188347,5.0,2.0,0.0,0.0,0.0,0,9.0,0.0
892,84265066,0.0,0.0,0.0,1.0,0.0,0,0.0,4.0
893,84278614,2.0,1.0,0.0,0.0,0.0,0,4.0,0.0
894,84372742,4.0,2.0,0.0,0.0,0.0,0,8.0,0.0
895,84704112,3.0,0.0,0.0,0.0,0.0,0,3.0,0.0
896,85044411,0.0,1.0,0.0,0.0,0.0,0,2.0,0.0
897,85276137,2.0,1.0,0.0,0.0,0.0,0,4.0,0.0
898,85323580,6.0,0.0,11.0,48.0,7.0,1,6.0,260.0
899,85602470,10.0,0.0,0.0,0.0,0.0,0,10.0,0.0
900,86036510,1.0,1.0,0.0,0.0,0.0,0,3.0,0.0
901,86215757,0.0,0.0,32.0,6.0,9.0,1,0.0,165.0
902,86812880,0.0,0.0,18.0,20.0,11.0,1,0.0,189.0
903,86820004,0.0,0.0,1.0,0.0,0.0,0,0.0,3.0
904,87057668,0.0,1.0,0.0,0.0,0.0,0,2.0,0.0
905,87070960,1.0,0.0,0.0,0.0,0.0,0,1.0,0.0
906,87074272,4.0,0.0,9.0,6.0,5.0,1,4.0,76.0
907,87408988,0.0,0.0,3.0,0.0,2.0,1,0.0,19.0
908,87417304,0.0,0.0,4.0,23.0,4.0,1,0.0,124.0
909,87436568,1.0,0.0,0.0,0.0,0.0,0,1.0,0.0
910,87698594,1.0,3.0,0.0,0.0,0.0,0,7.0,0.0
911,87790284,3.0,0.0,0.0,0.0,0.0,0,3.0,0.0
912,87807104,0.0,1.0,0.0,0.0,0.0,0,2.0,0.0
913,87991188,1.0,0.0,0.0,0.0,0.0,0,1.0,0.0
914,88090834,1.0,0.0,0.0,0.0,0.0,0,1.0,0.0
915,88092471,9.0,1.0,0.0,0.0,0.0,0,11.0,0.0
916,88171595,3.0,1.0,0.0,0.0,0.0,0,5.0,0.0
917,88335850,2.0,0.0,0.0,0.0,0.0,0,2.0,0.0
918,88370100,5.0,0.0,0.0,0.0,0.0,0,5.0,0.0
919,88381476,2.0,0.0,0.0,0.0,0.0,0,2.0,0.0
920,88425784,2.0,0.0,0.0,0.0,0.0,0,2.0,0.0
921,88481282,1.0,0.0,0.0,0.0,0.0,0,1.0,0.0
922,88522515,4.0,0.0,0.0,0.0,0.0,0,4.0,0.0
923,88523256,1.0,0.0,0.0,0.0,0.0,0,1.0,0.0
924,88526103,1.0,1.0,0.0,0.0,0.0,0,3.0,0.0
925,88565750,2.0,0.0,0.0,0.0,0.0,0,2.0,0.0
926,88586149,2.0,0.0,0.0,0.0,0.0,0,2.0,0.0
927,88602523,2.0,0.0,0.0,0.0,0.0,0,2.0,0.0
928,88603497,1.0,0.0,0.0,0.0,0.0,0,1.0,0.0
929,88696950,2.0,0.0,0.0,0.0,0.0,0,2.0,0.0
930,88756606,5.0,0.0,0.0,0.0,0.0,0,5.0,0.0
931,88757312,1.0,0.0,0.0,0.0,0.0,0,1.0,0.0
932,88772225,3.0,6.0,0.0,0.0,0.0,0,15.0,0.0
933,88823508,1.0,1.0,0.0,0.0,0.0,0,3.0,0.0
934,89002176,0.0,2.0,0.0,0.0,0.0,0,4.0,0.0
935,89055539,1.0,0.0,0.0,0.0,0.0,0,1.0,0.0
936,89072581,0.0,1.0,0.0,0.0,0.0,0,2.0,0.0
937,89076835,1.0,0.0,0.0,0.0,0.0,0,1.0,0.0
938,89307727,1.0,0.0,0.0,0.0,0.0,0,1.0,0.0
939,89766481,1.0,0.0,0.0,0.0,0.0,0,1.0,0.0
940,89987744,6.0,0.0,4.0,4.0,1.0,1,6.0,33.0
941,90098013,1.0,0.0,0.0,0.0,0.0,0,1.0,0.0
942,90233306,1.0,0.0,0.0,0.0,0.0,0,1.0,0.0
943,90386322,5.0,2.0,0.0,0.0,0.0,0,9.0,0.0
944,90585632,1.0,0.0,0.0,0.0,0.0,0,1.0,0.0
945,90598599,1.0,0.0,0.0,0.0,0.0,0,1.0,0.0
946,90687567,1.0,0.0,0.0,0.0,0.0,0,1.0,0.0
947,91185385,0.0,1.0,0.0,0.0,0.0,0,2.0,0.0
948,91232095,1.0,0.0,0.0,0.0,0.0,0,1.0,0.0
949,91247260,2.0,0.0,0.0,0.0,0.0,0,2.0,0.0
950,91400857,0.0,1.0,0.0,0.0,0.0,0,2.0,0.0
951,91403327,1.0,1.0,0.0,0.0,0.0,0,3.0,0.0
952,91542646,0.0,2.0,0.0,0.0,0.0,0,4.0,0.0
953,92594026,0.0,1.0,0.0,0.0,0.0,0,2.0,0.0
954,92860358,1.0,0.0,0.0,0.0,0.0,0,1.0,0.0
955,92921881,1.0,0.0,0.0,0.0,0.0,0,1.0,0.0
956,92922199,1.0,0.0,0.0,0.0,0.0,0,1.0,0.0
957,92922853,1.0,0.0,0.0,0.0,0.0,0,1.0,0.0
958,92934266,1.0,0.0,0.0,0.0,0.0,0,1.0,0.0
959,92935834,1.0,0.0,0.0,0.0,0.0,0,1.0,0.0
960,92936074,1.0,0.0,0.0,0.0,0.0,0,1.0,0.0
961,92937117,1.0,0.0,0.0,0.0,0.0,0,1.0,0.0
962,92939806,1.0,0.0,0.0,0.0,0.0,0,1.0,0.0
963,92940185,1.0,0.0,0.0,0.0,0.0,0,1.0,0.0
964,92958531,1.0,0.0,0.0,0.0,0.0,0,1.0,0.0
965,92958661,1.0,0.0,0.0,0.0,0.0,0,1.0,0.0
966,92958920,1.0,0.0,0.0,0.0,0.0,0,1.0,0.0
967,92959549,1.0,0.0,0.0,0.0,0.0,0,1.0,0.0
968,92967499,1.0,0.0,0.0,0.0,0.0,0,1.0,0.0
969,93018667,1.0,0.0,0.0,0.0,0.0,0,1.0,0.0
970,93018807,1.0,0.0,0.0,0.0,0.0,0,1.0,0.0
971,93019115,1.0,0.0,0.0,0.0,0.0,0,1.0,0.0
