,actor_id,actor_login
0,5368863,rtitle
131,5368880,jkarno
132,5368881,lmatiolis
133,5368888,ogasawaraShinnosuke
140,5368894,YKmaster
144,5368896,SKSSSX
157,5368897,Song-Li
161,5368903,jkornblum
162,5368923,yuanjinze
172,5368926,joshk0
182,5368963,lizhongyuan
183,5368975,hxlhxl
233,5368983,lhn200835
245,5368984,dcgoodnow
247,5368997,manfye
256,5369013,seidu626
287,5369016,lbonanomi
517,5369033,nealsanche
538,5369035,richardwan
562,5369040,alienlinsu
563,5369046,jrg091
564,5369061,Earphant
565,5369096,aarles
567,5369097,duydatpham
569,5369157,naviler
571,5369163,tomc603
573,5369171,k010c1232
590,5369192,AustinMcPhail
603,5369209,gessha
612,5369258,nicklela
615,5369259,recordcode
618,5369260,davidacampos
619,5369296,pli1988
621,5369319,yiqu
650,5369322,gaving-mx
668,5369351,joreyesl
674,5369352,lightreign
680,5369371,mzeier
684,5369376,huynj316
691,5369380,rdosreis
693,5369404,burlexpo
716,5369411,angelatao
717,5369412,dawsonfi
739,5369416,sptrs
742,5369424,mitchr
746,5369442,raygeeknyc
788,5369444,rocbomb
789,5369464,ihsansatriawan
792,5369468,toshi-mtk
813,5369469,Gursimranjot
819,5369473,chrisq21
824,5369474,alextyloo
830,5369495,spongezhang
838,5369497,funkymonkeymonk
859,5369501,Kansuler
869,5369553,rbonomo
872,5369576,gufeng20081010
877,5369580,lmhfq
879,5369592,Stevengu999
881,5369599,danielcai1987
886,5369629,mwittie
893,5369637,liyang2013
904,5369655,MadhulikaTanuboddi
917,5369670,ltankey
918,5369681,numalj
927,5369724,huangbq4gh
931,5369728,xuhrc
936,5369786,lujar
938,5369796,MinLonger
940,5369802,Sergey-Terekhin
942,5369806,Anurajka
943,5369810,dfaranha
972,5369813,joenmarz
1007,5369867,tral
1014,5369872,wangyoujiang8888
1022,5369902,YamenSarah
1028,5369924,nobodyuknow
1029,5369931,rstaepel
1033,5369994,gjun
1040,5370017,doongsilee
1045,5370023,442179055
1047,5370088,komin92
1250,5370107,notfood
1304,5370115,leobyrds
1314,5370143,guitared
1324,5370165,GHC124
1328,5370181,demisjohn
1369,5370221,liuyuanyuan
1393,5370247,weizhengwei
1394,5370251,szafran89
1395,5370256,hide3939
1406,5370269,hill007299
1407,5370271,lou920217
1408,5370302,thousandhu
1420,5370305,RnbWd
1495,5370328,lonely21
1514,5370332,straitor
1517,5370350,lenid
1520,5370353,dharmeshds
1521,5370415,mypal
1523,5370451,j306796405
1551,5370460,SandipNirmal
1558,5370471,malvikasharan
1663,5370495,ck-lee
1664,5370512,ripenko
1685,5370524,RonnieHemmingsen
1688,5370537,karlstjarne
1692,5370542,icarusion
1725,5370583,vytux-com
1751,5370600,krasuski
1754,5370603,burnb
1760,5370609,bluesheet
1762,5370616,aquawicket
1770,5370650,pn222ez
1773,5370656,ybkuang
1774,5370661,yuvraj131
1780,5370668,leiyun8508
1782,5370675,sarahdayan
1846,5370686,iasakura
1864,5370690,marcomaccio
1867,5370731,iventong
1870,5370736,nixorn
1879,5370737,byomkesh99
1880,5370738,itchyOwl
1883,5370748,josephpbourne
1889,5370752,djmrr
1904,5370767,cedricvaneer
1905,5370783,shishkebab
1906,5370798,tkislan
1973,5370802,OldSnapo
1984,5370815,loicfavory
1986,5370832,Oetzie
1998,5370855,adrestea
2003,5370877,antonioborondo
2005,5370880,catisnorm
2019,5370907,taotao1985
2020,5370910,ctay
2021,5370915,SachinAgarwal1337
2026,5370918,dareal2k
2027,5370919,sunlight3d
2052,5370922,learner25
2054,5370937,vaidyasr
2069,5370950,alantakashi
2070,5370981,xjossy
2073,5370987,yunpengbai
2074,5370999,fishfollower
2076,5371009,ckornaros
2077,5371012,ramzialhaddadtm
2081,5371025,miczh
2094,5371052,ciaby
2095,5371065,luozikuan
2096,5371069,Spejs
2101,5371096,zegerhoogeboom
2109,5371102,geekma
2111,5371103,rbannat
2127,5371129,scsldb
2131,5371204,heycwkim
2133,5371224,VaBezruchko
2137,5371228,linkaipeng
2142,5371259,Markvandersteen
2143,5371260,AnJungSun
2145,5371265,codeschubser
2146,5371282,mirjamdehaas
2148,5371286,tillitomi
2151,5371302,renald
2152,5371312,kristofferlind
2153,5371319,voidsentinel
2155,5371336,thetemplar
2157,5371337,jbreuer95
2183,5371354,myomyinthan
2188,5371366,mooosh
2194,5371400,ChiSamurai
2198,5371411,bluntspoon
2201,5371421,695551328
2202,5371469,ArturoQuintana
2205,5371481,sclarke81
2206,5371486,xabiugarte
2215,5371497,imwaihon
2221,5371513,mithicher
2225,5371535,xingnan1989
2227,5371538,dannielwallace
2234,5371556,zeroone2005
2238,5371565,JonMasson
2240,5371577,ipurra
2241,5371578,majuric
2258,5371586,hanhongqing
2259,5371612,seanhsu0102
2260,5371615,cplus66
2262,5371618,ch-pp-rs
2266,5371660,thangtd
2269,5371676,nekikara
2334,5371697,odniklas
2337,5371700,Persgroep
2338,5371705,greatming
2339,5371745,nelsonking
2343,5371749,jarone
2360,5371808,bandarulakshminarasimham
2362,5371827,benjaminpwarren
2363,5371871,tevfiksirin
2365,5371884,crewow
2367,5371898,bahmandamia6982
2379,5371902,mariusmilea
2380,5371907,jmarriott03
2421,5371917,RafasTavares
2423,5371976,DhruvJawalkar
2427,5372006,ocp
2429,5372027,kangqf
2430,5372054,SS1031
2431,5372071,kennic
2439,5372098,scoavoux
2441,5372126,digixc
2465,5372128,alvarogtraveso
2469,5372158,samleighton87
2489,5372169,adfoucart
2508,5372170,hungla
2510,5372216,anlun214
2524,5372217,soulawaker
2528,5372218,CSpellmanKrieg
2529,5372237,ShyamsundarR
2583,5372249,eliehaykal
2591,5372253,bjornwilliam
2593,5372293,XavierGimenez
2596,5372295,sj681
2618,5372298,clarissa-au
2619,5372323,ichengzi
2625,5372364,Alexander13Oster
2634,5372375,larsland
2635,5372396,newtonscavazzini
2678,5372401,shahn95
2690,5372405,Jainarayan
2691,5372408,yhw1234
2696,5372424,MoleculeBoy
2697,5372454,jestempablo
2698,5372462,ankhuve
2699,5372463,BackToTheCode
2712,5372480,Jmallins
2713,5372503,upendradevsingh
2726,5372504,Gago993
2727,5372518,RenanRB
2762,5372522,servicelab
2764,5372529,luanlazzarin
2765,5372535,ezathashim
2766,5372546,Niek0z
2767,5372551,shamane
2780,5372578,nfxhk
2781,5372597,expectorlin
2783,5372610,dosch
2785,5372618,92hackers
2796,5372642,kkdd
2798,5372643,askirmas
2799,5372676,mailz
2800,5372678,Zumochi
2804,5372680,Royalsspirit
2830,5372683,geniusjiqing
2831,5372690,irudoy
2833,5372691,troy-tian
2846,5372700,ssqstone
2850,5372701,shaishailiu
2878,5372704,rcrespo808
2880,5372706,zhxfl
2881,5372709,Jvanmourik
2892,5372717,joeazhou
2895,5372728,jodk
2896,5372742,bbrrck
2910,5372745,hamidhazrati
2913,5372754,iarjunphp
2915,5372762,StephanCassel
2919,5372764,B0ulzy
2933,5372770,maxheld83
3003,5372780,0jpq0
3005,5372812,fancyerii
3009,5372828,jeromie
3027,5372852,mhussien86
3028,5372859,makkie2002
3032,5372869,emanuel1025
3033,5372878,vdgothi
3034,5372881,gaida
3038,5372899,luckrill
3041,5372907,nitin1982
3057,5372927,arthurfait
3059,5372940,runem
3112,5372947,thutterer
3152,2805043,harrastia
3156,2805055,lvanlowe
3165,2805061,taco0907
3167,2805093,FerdinandFidel
3169,2805100,eirikref
3177,2805129,emaklakov
3193,2805133,zhiquanyeo
3212,2805136,e-mon
3213,2805161,Albirew
3219,2805165,houontherun
3222,2805166,davidducros
3225,2805175,dmaechler
3227,2805194,eljenso
3235,2805198,jgrecoarroyo
3236,2805206,henriquemacedo
3266,2805213,Sparclex
3269,2805247,msimons
3285,2805249,r3oath
3287,2805280,cvalerio
3288,2805285,Prince2k3
3300,2805290,rodrigoac
3301,2805297,kmandov
3302,2805313,rolero
3303,2805315,zzxwill
3306,2805320,catalinmiron
3327,2805359,Maastiff
3328,2805366,dataxu
3329,2805368,eam5
3355,2805383,phyllis0129
3358,2805397,aamarioneta
3369,2805401,derekhsu
3370,2805418,ChrisWeissmann
3402,2805436,filipeforattini
3403,2805450,i1tech
3405,2805466,KrisYu
3408,2805467,glazzara
3415,2805508,ArturBiernacki
3419,2805509,ageek
3420,2805514,JohanvdWest
3429,2805515,mivade
3463,2805529,msantares
3464,2805586,hizzlekizzle
3651,2805598,michaelschufi
3657,2805609,manexagirrezabal
3658,2805610,rhfide
3659,2805614,moogacs
3660,2805615,delMar43
3662,2805618,bbhakhrani
3665,2805621,dongtianyi
3668,2805640,edelans
3669,2805659,arkdrakken
3672,2805666,yessirpopesama
3675,2805679,timmyquivy
3679,2805687,stevenpall
3688,2805704,jquenee
3738,2805720,ilovetea
3750,2805744,pr0gstar
3807,2805757,sbardt
3808,2805762,Zyano
3831,2805770,piotrswiniarski
3832,2805804,acacs
3833,2805818,pdiegmann
3834,2805826,HarryJoker
3918,2805832,ehudbaumatz
3921,2805834,greaka
3923,2805845,hal91190
3924,2805883,chintzung
3929,2805896,ptytb
3938,2805898,wolfFN
3939,2805979,FusionX9000
3945,2805990,evergreat
3946,2806005,herminiogg
3954,2806012,eloots
4112,2806013,chrisfield
4116,2806014,arezaii
4137,2806034,carolinekrone
4143,2806069,arunkpatra
4145,2806076,Xepe
4159,2806090,clegoues
4176,2806096,tkymx
4232,2806104,zipsa
4257,2806107,VDaric
4258,2806122,libdgg
4260,2806149,LaurentVB
4266,2806159,nyudanin
4268,2806167,IainVM
4278,2806206,chaitanya145
4280,2806241,jonwarren
4316,2806256,giux78
4350,2806266,jeanroldao
4351,2806302,RMcNeely
4375,2806307,badele
4407,2806330,serxoz
4413,2806379,lucastanz
4421,2806388,schevalier
4422,2806417,d1ego
4428,2806446,b17zr
4432,2806496,janseeuw
4440,2806503,brandonpsmith
4459,2806525,beyazkemal
4463,2806547,Le-Stagiaire
4464,2806556,RemmyLee
4465,2806586,cosic
4475,2806587,mars-f
4498,2806614,Kopaniev
4506,2806623,jveverka
4560,2806645,tpendragon
4825,2806664,shines77
4891,2806669,vapourismo
4901,2806672,cyrilgandon
4902,2806692,ariefannur
4910,2806769,sreiswig
4913,2806772,dmtroyer
4915,2806794,exceptionzproject
4917,2806803,TarasKovalenko
4966,2806839,vancan1ty
4968,2806871,BrutalAndSick
4971,2806882,twk3
4972,2806903,jerome-noel
4975,2806934,george2seven
4977,2806955,npac
4978,2806962,burluckij
4980,2806964,gibranlp
4982,2806970,jmlimas
4994,2807022,aleksik
5015,2807024,adammillerio
5036,2807032,DrFr4nk
5037,2807035,a1flecke
5042,2807036,peterlindgren
5043,2807051,blue-spirits
5064,2807060,clmay
5466,2807062,Martko
5468,2807117,chackoge
5476,2807139,senner007
5479,2807145,d9su
5481,2807174,angelkurten
5503,2807186,mrlindblom
5543,2807240,hibikutek
5549,2807270,jim22k
5572,2807332,pbienst
5614,2807381,nhulsch
5615,2807382,ssbanerjee
5617,2807409,shadowscion
5638,2807426,cecileboucheron
5703,2807433,TimBHowe
5710,2807469,designeng
5715,2807523,huyquocpham
5736,2807545,stefanzero
5738,2807553,leonardohipolito
5739,2807575,nogginfuel
5768,2807589,darwayne
5774,2807595,flrngel
5858,2807620,admdly
5860,2807664,MilanesaSnob
5861,2807685,Danrs4114
5876,2807712,Zazo032
5941,2807717,ilogan
5943,2807738,cnoss
5993,2807739,mattyx14
6198,2807741,holuyaa
6199,2807764,jabarihunt
6228,2807771,johanymerson
6231,2807772,mdibaiee
6239,2807796,Azazi
6264,2807807,centerorbit
6308,2807825,cqian
6309,2807847,omerfarukz
6314,2807853,EnigmaBot
6324,2807888,whummer
6684,2807891,mmaybeno
6704,2807955,ArenasDev
6709,2807969,omarusman
6711,2807976,boessu
6713,2807984,doctorpepper608
6715,2807995,mirrobozik
6722,2807999,svub
6755,2808008,ralfting
6766,2808025,tpacict
6767,2808030,felipe-dap
6769,2808046,danielhaim1
6921,2808092,vkaracic
6934,2808094,klawdhfzasjhaa
6935,2808116,thejtate
6937,2808155,aaaaahaaaaa
6939,2808166,lucavallerini
6941,2808186,ismoli
6943,2808242,ymekuria
6970,2808250,RifRaf44
6980,2808280,szakhar
6993,2808283,Karkunow
6994,2808287,hafe
6995,2808296,amsaid
7008,2808302,Hammer2900
7112,2808337,moob0
7113,2808339,tiwilson7
7116,2808347,iaasen
7118,2808358,thashim
7121,2808400,damiens-robert
7145,2808420,bradjabel
7152,2808425,javipalanca
7196,2808465,fxober
7201,2808486,lukewhitehouse
7206,2808505,oscdeveloper
7208,2808515,adversariel
7210,2808553,mikepsinn
7293,2808557,chaosmonkey
7302,2808653,dooglius
7304,2808687,Hedu
7340,2808694,pjcarly
7357,2808696,hic2h
7360,2808721,IvanaL
7361,2808728,raychatter
7365,2808759,drautb
7372,2808838,HSOFEUP
7388,2808874,yannickmcosta
7389,2808896,alfianwahid
7398,2808897,duynii
7399,2809013,ghaagsma
7412,2809036,bbenz
7441,2809071,ibonny
7450,2809078,steve-downey
7461,2809081,davypough
7463,2809099,jaeyeoljo
7468,2809202,kdubau
7473,2809230,zakaria1159
7480,2809241,zwerch
7482,2809249,aalberici
7483,2809261,marksiy16
7497,2809309,renamed
7512,2809318,murilomiranda
7522,2809330,hellvesper
7541,2809337,JasonYe007
7542,2809368,royaltwrecks
7554,2809376,Tony607
7556,2809420,catstiger
7559,2809468,xuri
7629,2809478,broopdias
7632,2809483,maxfriedmann
7636,2809491,droidmonkey
8284,2809538,savmiester
8285,2809555,shengxc
8287,2809568,morganj
8291,2809608,Ruthnet
8292,2809616,lipowen
8305,2809679,geraldgrafik
8307,2809694,hardboiled65
8310,2809731,takezi
8315,2809743,Ator9
8379,2809747,danielgunn
8388,2809762,ladnir
8428,2809788,joshpj
8434,2809796,linfx
8447,2809911,yudiervv
8449,2809954,jianxd
8450,2809964,rochoa85
8456,2810035,chensheng12330
8465,2810059,bloche
8468,2810060,davidmegginson
8480,2810066,Sunao-Yoshii
8482,2810071,zhai
8484,2810076,guodong89758
8485,2810166,wuzinong
8495,2810172,imsamthomas
8496,2810177,roliveri
8500,2810187,pangolp
8660,2810191,hinikai
8670,2810201,agentoo7
8671,2810211,marcus604
8672,2810214,syhlalala
8682,2810237,Tiscs
8689,2810305,touge
8703,2810345,Byron67
8705,2810376,mingjer
8708,2810387,jpescador
8709,2810404,mkayen
8710,2810577,MasonLiuChn
8720,2810580,alex-bezverkhniy
8723,2810624,rjgildea
8809,2810691,ilkerkesen
8812,2810722,lynn-orrell
8816,2810732,junkawahara
8817,2810747,EricTing
8818,2810757,wanghailiang
8828,2810764,Rdbaker
8839,2810809,JonathanVeg
8851,2810812,jignesh88
8854,2810835,Camios
8858,2810896,azamatus
8859,2810904,ickbinhier
8860,2810941,GoogleCloudPlatform
8867,2810956,unasm
8871,2811090,jsmm
8875,2811163,zyweistart
8876,2811172,Engard
8877,2811183,tksnt
8878,2811222,halo8880
8888,2811248,Veratyr
8890,2811262,zhouxnsz
8891,2811291,MatYoshr
8892,2811324,lavecoral
8898,2811330,hurricup
8914,2811343,hellosatish
8918,2811349,yhh5158
8919,2811378,JackGit
8931,2811393,JudyDBA
8932,2811396,ejona86
9118,2811408,giriss
9119,2811408,Akhilesh05
9142,2811509,robertchoi80
9144,2811511,d659sdada
9146,2811537,harrietrc
9148,2811550,epsniff
9162,2811570,koubenecn
9175,2811593,achinverma
9227,2811614,blakewford
9249,2811638,guentoan
9250,2811659,kumaraswins
9268,2811685,unelg
9274,2811753,wmhfly
9275,2811779,kr0k0
9276,2811785,wietze
9294,2811885,rbmrclo
9311,2811912,inbalboa
9314,2811928,ziyanxue
9315,2811983,tcastberg
9321,2811984,basvandenbrink
9323,2811986,kuerme
9334,2812024,chan056
9335,2812067,torbennehmer
9336,2812092,JimDuggan
9349,2812154,klopes25
9350,2812155,Haitaar
9351,2812163,tomieric
9364,2812194,gpeegpee
9409,2812237,mfursov
9500,2812262,ByronTudhope
9507,2812275,ycltpe
9519,2812277,TNAJanssen
9529,2812349,tjach
9534,2812365,sameershukla
9616,2812402,brodem
9617,2812471,iou2much
9625,2812510,Vacxe
9669,2812521,weidenka
9684,2812522,hrobeers
9743,2812591,martin2urban
9745,2812598,SuperSpe
9758,2812602,rkparsons
9795,2812607,lucone83
9883,2812644,Donny2g
9884,2812648,nicopeters
